client_id,client_name,n_order,date,n_material,description_material,n_operation,description_operation,workcenter_id,order_operation_id,timestamp,quantity
1,Client_01,1,2026-01-01,1,Material_01,1,Operation_01,1,1,2026-01-01 08:00:00,75.0
1,Client_01,1,2026-01-01,6,Material_06,2,Operation_02,2,2,2026-01-01 08:15:00,100.0
1,Client_01,1,2026-01-01,11,Material_11,3,Operation_03,3,3,2026-01-01 08:30:00,125.0
1,Client_01,1,2026-01-01,16,Material_16,4,Operation_04,4,4,2026-01-01 08:45:00,150.0
2,Client_02,2,2026-01-02,2,Material_02,1,Operation_01,2,5,2026-01-02 08:00:00,100.0
2,Client_02,2,2026-01-02,7,Material_07,2,Operation_02,3,6,2026-01-02 08:15:00,125.0
2,Client_02,2,2026-01-02,12,Material_12,3,Operation_03,4,7,2026-01-02 08:30:00,150.0
2,Client_02,2,2026-01-02,17,Material_17,4,Operation_04,5,8,2026-01-02 08:45:00,175.0
3,Client_03,3,2026-01-03,3,Material_03,1,Operation_01,3,9,2026-01-03 08:00:00,125.0
3,Client_03,3,2026-01-03,8,Material_08,2,Operation_02,4,10,2026-01-03 08:15:00,150.0
3,Client_03,3,2026-01-03,13,Material_13,3,Operation_03,5,11,2026-01-03 08:30:00,175.0
3,Client_03,3,2026-01-03,18,Material_18,4,Operation_04,6,12,2026-01-03 08:45:00,200.0
4,Client_04,4,2026-01-04,4,Material_04,1,Operation_01,4,13,2026-01-04 08:00:00,150.0
4,Client_04,4,2026-01-04,9,Material_09,2,Operation_02,5,14,2026-01-04 08:15:00,175.0
4,Client_04,4,2026-01-04,14,Material_14,3,Operation_03,6,15,2026-01-04 08:30:00,200.0
4,Client_04,4,2026-01-04,19,Material_19,4,Operation_04,7,16,2026-01-04 08:45:00,25.0
5,Client_05,5,2026-01-05,5,Material_05,1,Operation_01,5,17,2026-01-05 08:00:00,175.0
5,Client_05,5,2026-01-05,10,Material_10,2,Operation_02,6,18,2026-01-05 08:15:00,200.0
5,Client_05,5,2026-01-05,15,Material_15,3,Operation_03,7,19,2026-01-05 08:30:00,25.0
5,Client_05,5,2026-01-05,20,Material_20,3,Operation_03,8,20,2026-01-05 08:45:00,25.0
6,Client_06,6,2026-01-06,6,Material_06,1,Operation_01,6,21,2026-01-06 08:00:00,200.0
6,Client_06,6,2026-01-06,11,Material_11,2,Operation_02,7,22,2026-01-06 08:15:00,25.0
6,Client_06,6,2026-01-06,16,Material_16,3,Operation_03,8,23,2026-01-06 08:30:00,50.0
6,Client_06,6,2026-01-06,16,Material_16,4,Operation_04,1,24,2026-01-06 08:45:00,75.0
7,Client_07,7,2026-01-07,7,Material_07,1,Operation_01,7,25,2026-01-07 08:00:00,25.0
7,Client_07,7,2026-01-07,12,Material_12,2,Operation_02,8,26,2026-01-07 08:15:00,50.0
7,Client_07,7,2026-01-07,17,Material_17,3,Operation_03,1,27,2026-01-07 08:30:00,75.0
7,Client_07,7,2026-01-07,22,Material_22,4,Operation_04,1,28,2026-01-07 08:45:00,100.0
8,Client_08,8,2026-01-08,8,Material_08,1,Operation_01,8,29,2026-01-08 08:00:00,50.0
8,Client_08,8,2026-01-08,13,Material_13,2,Operation_02,1,30,2026-01-08 08:15:00,75.0
8,Client_08,8,2026-01-08,18,Material_18,3,Operation_03,2,31,2026-01-08 08:30:00,100.0
8,Client_08,8,2026-01-08,23,Material_23,4,Operation_04,3,32,2026-01-08 08:45:00,125.0
9,Client_09,9,2026-01-09,9,Material_09,1,Operation_01,1,33,2026-01-09 08:00:00,75.0
9,Client_09,9,2026-01-09,14,Material_14,2,Operation_02,2,34,2026-01-09 08:15:00,100.0
9,Client_09,9,2026-01-09,19,Material_19,3,Operation_03,3,35,2026-01-09 08:30:00,125.0
9,Client_09,9,2026-01-09,24,Material_24,4,Operation_04,4,36,2026-01-09 08:45:00,150.0
10,Client_10,10,2026-01-10,10,Material_10,1,Operation_01,2,37,2026-01-10 08:00:00,100.0
10,Client_10,10,2026-01-10,15,Material_15,2,Operation_02,3,38,2026-01-10 08:15:00,125.0
10,Client_10,10,2026-01-10,20,Material_20,3,Operation_03,4,39,2026-01-10 08:30:00,150.0
10,Client_10,10,2026-01-10,25,Material_25,3,Operation_03,5,40,2026-01-10 08:45:00,150.0
11,Client_11,11,2026-01-11,11,Material_11,1,Operation_01,3,41,2026-01-11 08:00:00,125.0
11,Client_11,11,2026-01-11,16,Material_16,2,Operation_02,4,42,2026-01-11 08:15:00,150.0
11,Client_11,11,2026-01-11,21,Material_21,3,Operation_03,5,43,2026-01-11 08:30:00,175.0
11,Client_11,11,2026-01-11,1,Material_01,4,Operation_04,6,44,2026-01-11 08:45:00,200.0
12,Client_12,12,2026-01-12,12,Material_12,1,Operation_01,4,45,2026-01-12 08:00:00,150.0
12,Client_12,12,2026-01-12,17,Material_17,2,Operation_02,5,46,2026-01-12 08:15:00,175.0
12,Client_12,12,2026-01-12,22,Material_22,3,Operation_03,6,47,2026-01-12 08:30:00,200.0
12,Client_12,12,2026-01-12,22,Material_22,4,Operation_04,7,48,2026-01-12 08:45:00,25.0
13,Client_13,13,2026-01-13,13,Material_13,1,Operation_01,5,49,2026-01-13 08:00:00,175.0
13,Client_13,13,2026-01-13,18,Material_18,2,Operation_02,6,50,2026-01-13 08:15:00,200.0
13,Client_13,13,2026-01-13,23,Material_23,3,Operation_03,7,51,2026-01-13 08:30:00,25.0
13,Client_13,13,2026-01-13,3,Material_03,4,Operation_04,8,52,2026-01-13 08:45:00,50.0
14,Client_14,14,2026-01-14,14,Material_14,1,Operation_01,6,53,2026-01-14 08:00:00,200.0
14,Client_14,14,2026-01-14,19,Material_19,2,Operation_02,7,54,2026-01-14 08:15:00,25.0
14,Client_14,14,2026-01-14,24,Material_24,3,Operation_03,8,55,2026-01-14 08:30:00,50.0
14,Client_14,14,2026-01-14,4,Material_04,4,Operation_04,8,56,2026-01-14 08:45:00,75.0
15,Client_15,15,2026-01-15,15,Material_15,1,Operation_01,7,57,2026-01-15 08:00:00,25.0
15,Client_15,15,2026-01-15,20,Material_20,2,Operation_02,8,58,2026-01-15 08:15:00,50.0
15,Client_15,15,2026-01-15,25,Material_25,3,Operation_03,1,59,2026-01-15 08:30:00,75.0
15,Client_15,15,2026-01-15,5,Material_05,3,Operation_03,2,60,2026-01-15 08:45:00,75.0
16,Client_16,16,2026-01-16,16,Material_16,1,Operation_01,8,61,2026-01-16 08:00:00,50.0
16,Client_16,16,2026-01-16,21,Material_21,2,Operation_02,1,62,2026-01-16 08:15:00,75.0
16,Client_16,16,2026-01-16,1,Material_01,3,Operation_03,2,63,2026-01-16 08:30:00,100.0
16,Client_16,16,2026-01-16,6,Material_06,4,Operation_04,3,64,2026-01-16 08:45:00,125.0
17,Client_17,17,2026-01-17,17,Material_17,1,Operation_01,1,65,2026-01-17 08:00:00,75.0
17,Client_17,17,2026-01-17,22,Material_22,2,Operation_02,2,66,2026-01-17 08:15:00,100.0
17,Client_17,17,2026-01-17,2,Material_02,3,Operation_03,3,67,2026-01-17 08:30:00,125.0
17,Client_17,17,2026-01-17,7,Material_07,4,Operation_04,4,68,2026-01-17 08:45:00,150.0
18,Client_18,18,2026-01-18,18,Material_18,1,Operation_01,2,69,2026-01-18 08:00:00,100.0
18,Client_18,18,2026-01-18,23,Material_23,2,Operation_02,3,70,2026-01-18 08:15:00,125.0
18,Client_18,18,2026-01-18,3,Material_03,3,Operation_03,4,71,2026-01-18 08:30:00,150.0
18,Client_18,18,2026-01-18,3,Material_03,4,Operation_04,5,72,2026-01-18 08:45:00,175.0
19,Client_19,19,2026-01-19,19,Material_19,1,Operation_01,3,73,2026-01-19 08:00:00,125.0
19,Client_19,19,2026-01-19,24,Material_24,2,Operation_02,4,74,2026-01-19 08:15:00,150.0
19,Client_19,19,2026-01-19,4,Material_04,3,Operation_03,5,75,2026-01-19 08:30:00,175.0
19,Client_19,19,2026-01-19,9,Material_09,4,Operation_04,6,76,2026-01-19 08:45:00,200.0
20,Client_20,20,2026-01-20,20,Material_20,1,Operation_01,4,77,2026-01-20 08:00:00,150.0
20,Client_20,20,2026-01-20,25,Material_25,2,Operation_02,5,78,2026-01-20 08:15:00,175.0
20,Client_20,20,2026-01-20,5,Material_05,3,Operation_03,6,79,2026-01-20 08:30:00,200.0
20,Client_20,20,2026-01-20,10,Material_10,3,Operation_03,7,80,2026-01-20 08:45:00,200.0
21,Client_21,21,2026-01-21,21,Material_21,1,Operation_01,5,81,2026-01-21 08:00:00,175.0
21,Client_21,21,2026-01-21,1,Material_01,2,Operation_02,6,82,2026-01-21 08:15:00,200.0
21,Client_21,21,2026-01-21,6,Material_06,3,Operation_03,7,83,2026-01-21 08:30:00,25.0
21,Client_21,21,2026-01-21,11,Material_11,4,Operation_04,7,84,2026-01-21 08:45:00,50.0
22,Client_22,22,2026-01-22,22,Material_22,1,Operation_01,6,85,2026-01-22 08:00:00,200.0
22,Client_22,22,2026-01-22,2,Material_02,2,Operation_02,7,86,2026-01-22 08:15:00,25.0
22,Client_22,22,2026-01-22,7,Material_07,3,Operation_03,8,87,2026-01-22 08:30:00,50.0
22,Client_22,22,2026-01-22,12,Material_12,4,Operation_04,1,88,2026-01-22 08:45:00,75.0
23,Client_23,23,2026-01-23,23,Material_23,1,Operation_01,7,89,2026-01-23 08:00:00,25.0
23,Client_23,23,2026-01-23,3,Material_03,2,Operation_02,8,90,2026-01-23 08:15:00,50.0
23,Client_23,23,2026-01-23,8,Material_08,3,Operation_03,1,91,2026-01-23 08:30:00,75.0
23,Client_23,23,2026-01-23,13,Material_13,4,Operation_04,2,92,2026-01-23 08:45:00,100.0
24,Client_24,24,2026-01-24,24,Material_24,1,Operation_01,8,93,2026-01-24 08:00:00,50.0
24,Client_24,24,2026-01-24,4,Material_04,2,Operation_02,1,94,2026-01-24 08:15:00,75.0
24,Client_24,24,2026-01-24,9,Material_09,3,Operation_03,2,95,2026-01-24 08:30:00,100.0
24,Client_24,24,2026-01-24,9,Material_09,4,Operation_04,3,96,2026-01-24 08:45:00,125.0
25,Client_25,25,2026-01-25,25,Material_25,1,Operation_01,1,97,2026-01-25 08:00:00,75.0
25,Client_25,25,2026-01-25,5,Material_05,2,Operation_02,2,98,2026-01-25 08:15:00,100.0
25,Client_25,25,2026-01-25,10,Material_10,3,Operation_03,3,99,2026-01-25 08:30:00,125.0
25,Client_25,25,2026-01-25,15,Material_15,3,Operation_03,4,100,2026-01-25 08:45:00,125.0
26,Client_26,26,2026-01-26,1,Material_01,1,Operation_01,2,101,2026-01-26 08:00:00,100.0
26,Client_26,26,2026-01-26,6,Material_06,2,Operation_02,3,102,2026-01-26 08:15:00,125.0
26,Client_26,26,2026-01-26,11,Material_11,3,Operation_03,4,103,2026-01-26 08:30:00,150.0
26,Client_26,26,2026-01-26,16,Material_16,4,Operation_04,5,104,2026-01-26 08:45:00,175.0
27,Client_27,27,2026-01-27,2,Material_02,1,Operation_01,3,105,2026-01-27 08:00:00,125.0
27,Client_27,27,2026-01-27,7,Material_07,2,Operation_02,4,106,2026-01-27 08:15:00,150.0
27,Client_27,27,2026-01-27,12,Material_12,3,Operation_03,5,107,2026-01-27 08:30:00,175.0
27,Client_27,27,2026-01-27,17,Material_17,4,Operation_04,6,108,2026-01-27 08:45:00,200.0
28,Client_28,28,2026-01-28,3,Material_03,1,Operation_01,4,109,2026-01-28 08:00:00,150.0
28,Client_28,28,2026-01-28,8,Material_08,2,Operation_02,5,110,2026-01-28 08:15:00,175.0
28,Client_28,28,2026-01-28,13,Material_13,3,Operation_03,6,111,2026-01-28 08:30:00,200.0
28,Client_28,28,2026-01-28,18,Material_18,4,Operation_04,6,112,2026-01-28 08:45:00,25.0
29,Client_29,29,2026-01-29,4,Material_04,1,Operation_01,5,113,2026-01-29 08:00:00,175.0
29,Client_29,29,2026-01-29,9,Material_09,2,Operation_02,6,114,2026-01-29 08:15:00,200.0
29,Client_29,29,2026-01-29,14,Material_14,3,Operation_03,7,115,2026-01-29 08:30:00,25.0
29,Client_29,29,2026-01-29,19,Material_19,4,Operation_04,8,116,2026-01-29 08:45:00,50.0
30,Client_30,30,2026-01-30,5,Material_05,1,Operation_01,6,117,2026-01-30 08:00:00,200.0
30,Client_30,30,2026-01-30,10,Material_10,2,Operation_02,7,118,2026-01-30 08:15:00,25.0
30,Client_30,30,2026-01-30,15,Material_15,3,Operation_03,8,119,2026-01-30 08:30:00,50.0
30,Client_30,30,2026-01-30,15,Material_15,3,Operation_03,1,120,2026-01-30 08:45:00,50.0
31,Client_31,31,2026-01-31,6,Material_06,1,Operation_01,7,121,2026-01-31 08:00:00,25.0
31,Client_31,31,2026-01-31,11,Material_11,2,Operation_02,8,122,2026-01-31 08:15:00,50.0
31,Client_31,31,2026-01-31,16,Material_16,3,Operation_03,1,123,2026-01-31 08:30:00,75.0
31,Client_31,31,2026-01-31,21,Material_21,4,Operation_04,2,124,2026-01-31 08:45:00,100.0
32,Client_32,32,2026-02-01,7,Material_07,1,Operation_01,8,125,2026-02-01 08:00:00,50.0
32,Client_32,32,2026-02-01,12,Material_12,2,Operation_02,1,126,2026-02-01 08:15:00,75.0
32,Client_32,32,2026-02-01,17,Material_17,3,Operation_03,2,127,2026-02-01 08:30:00,100.0
32,Client_32,32,2026-02-01,22,Material_22,4,Operation_04,3,128,2026-02-01 08:45:00,125.0
33,Client_33,33,2026-02-02,8,Material_08,1,Operation_01,1,129,2026-02-02 08:00:00,75.0
33,Client_33,33,2026-02-02,13,Material_13,2,Operation_02,2,130,2026-02-02 08:15:00,100.0
33,Client_33,33,2026-02-02,18,Material_18,3,Operation_03,3,131,2026-02-02 08:30:00,125.0
33,Client_33,33,2026-02-02,23,Material_23,4,Operation_04,4,132,2026-02-02 08:45:00,150.0
34,Client_34,34,2026-02-03,9,Material_09,1,Operation_01,2,133,2026-02-03 08:00:00,100.0
34,Client_34,34,2026-02-03,14,Material_14,2,Operation_02,3,134,2026-02-03 08:15:00,125.0
34,Client_34,34,2026-02-03,19,Material_19,3,Operation_03,4,135,2026-02-03 08:30:00,150.0
34,Client_34,34,2026-02-03,24,Material_24,4,Operation_04,5,136,2026-02-03 08:45:00,175.0
35,Client_35,35,2026-02-04,10,Material_10,1,Operation_01,3,137,2026-02-04 08:00:00,125.0
35,Client_35,35,2026-02-04,15,Material_15,2,Operation_02,4,138,2026-02-04 08:15:00,150.0
35,Client_35,35,2026-02-04,20,Material_20,3,Operation_03,5,139,2026-02-04 08:30:00,175.0
35,Client_35,35,2026-02-04,25,Material_25,3,Operation_03,5,140,2026-02-04 08:45:00,175.0
36,Client_36,36,2026-02-05,11,Material_11,1,Operation_01,4,141,2026-02-05 08:00:00,150.0
36,Client_36,36,2026-02-05,16,Material_16,2,Operation_02,5,142,2026-02-05 08:15:00,175.0
36,Client_36,36,2026-02-05,21,Material_21,3,Operation_03,6,143,2026-02-05 08:30:00,200.0
36,Client_36,36,2026-02-05,21,Material_21,4,Operation_04,7,144,2026-02-05 08:45:00,25.0
37,Client_37,37,2026-02-06,12,Material_12,1,Operation_01,5,145,2026-02-06 08:00:00,175.0
37,Client_37,37,2026-02-06,17,Material_17,2,Operation_02,6,146,2026-02-06 08:15:00,200.0
37,Client_37,37,2026-02-06,22,Material_22,3,Operation_03,7,147,2026-02-06 08:30:00,25.0
37,Client_37,37,2026-02-06,2,Material_02,4,Operation_04,8,148,2026-02-06 08:45:00,50.0
38,Client_38,38,2026-02-07,13,Material_13,1,Operation_01,6,149,2026-02-07 08:00:00,200.0
38,Client_38,38,2026-02-07,18,Material_18,2,Operation_02,7,150,2026-02-07 08:15:00,25.0
38,Client_38,38,2026-02-07,23,Material_23,3,Operation_03,8,151,2026-02-07 08:30:00,50.0
38,Client_38,38,2026-02-07,3,Material_03,4,Operation_04,1,152,2026-02-07 08:45:00,75.0
39,Client_39,39,2026-02-08,14,Material_14,1,Operation_01,7,153,2026-02-08 08:00:00,25.0
39,Client_39,39,2026-02-08,19,Material_19,2,Operation_02,8,154,2026-02-08 08:15:00,50.0
39,Client_39,39,2026-02-08,24,Material_24,3,Operation_03,1,155,2026-02-08 08:30:00,75.0
39,Client_39,39,2026-02-08,4,Material_04,4,Operation_04,2,156,2026-02-08 08:45:00,100.0
40,Client_40,40,2026-02-09,15,Material_15,1,Operation_01,8,157,2026-02-09 08:00:00,50.0
40,Client_40,40,2026-02-09,20,Material_20,2,Operation_02,1,158,2026-02-09 08:15:00,75.0
40,Client_40,40,2026-02-09,25,Material_25,3,Operation_03,2,159,2026-02-09 08:30:00,100.0
40,Client_40,40,2026-02-09,5,Material_05,3,Operation_03,3,160,2026-02-09 08:45:00,100.0
1,Client_01,41,2026-02-10,16,Material_16,1,Operation_01,1,161,2026-02-10 08:00:00,75.0
1,Client_01,41,2026-02-10,21,Material_21,2,Operation_02,2,162,2026-02-10 08:15:00,100.0
1,Client_01,41,2026-02-10,1,Material_01,3,Operation_03,3,163,2026-02-10 08:30:00,125.0
1,Client_01,41,2026-02-10,6,Material_06,4,Operation_04,4,164,2026-02-10 08:45:00,150.0
2,Client_02,42,2026-02-11,17,Material_17,1,Operation_01,2,165,2026-02-11 08:00:00,100.0
2,Client_02,42,2026-02-11,22,Material_22,2,Operation_02,3,166,2026-02-11 08:15:00,125.0
2,Client_02,42,2026-02-11,2,Material_02,3,Operation_03,4,167,2026-02-11 08:30:00,150.0
2,Client_02,42,2026-02-11,2,Material_02,4,Operation_04,4,168,2026-02-11 08:45:00,175.0
3,Client_03,43,2026-02-12,18,Material_18,1,Operation_01,3,169,2026-02-12 08:00:00,125.0
3,Client_03,43,2026-02-12,23,Material_23,2,Operation_02,4,170,2026-02-12 08:15:00,150.0
3,Client_03,43,2026-02-12,3,Material_03,3,Operation_03,5,171,2026-02-12 08:30:00,175.0
3,Client_03,43,2026-02-12,8,Material_08,4,Operation_04,6,172,2026-02-12 08:45:00,200.0
4,Client_04,44,2026-02-13,19,Material_19,1,Operation_01,4,173,2026-02-13 08:00:00,150.0
4,Client_04,44,2026-02-13,24,Material_24,2,Operation_02,5,174,2026-02-13 08:15:00,175.0
4,Client_04,44,2026-02-13,4,Material_04,3,Operation_03,6,175,2026-02-13 08:30:00,200.0
4,Client_04,44,2026-02-13,9,Material_09,4,Operation_04,7,176,2026-02-13 08:45:00,25.0
5,Client_05,45,2026-02-14,20,Material_20,1,Operation_01,5,177,2026-02-14 08:00:00,175.0
5,Client_05,45,2026-02-14,25,Material_25,2,Operation_02,6,178,2026-02-14 08:15:00,200.0
5,Client_05,45,2026-02-14,5,Material_05,3,Operation_03,7,179,2026-02-14 08:30:00,25.0
5,Client_05,45,2026-02-14,10,Material_10,3,Operation_03,8,180,2026-02-14 08:45:00,25.0
6,Client_06,46,2026-02-15,21,Material_21,1,Operation_01,6,181,2026-02-15 08:00:00,200.0
6,Client_06,46,2026-02-15,1,Material_01,2,Operation_02,7,182,2026-02-15 08:15:00,25.0
6,Client_06,46,2026-02-15,6,Material_06,3,Operation_03,8,183,2026-02-15 08:30:00,50.0
6,Client_06,46,2026-02-15,11,Material_11,4,Operation_04,1,184,2026-02-15 08:45:00,75.0
7,Client_07,47,2026-02-16,22,Material_22,1,Operation_01,7,185,2026-02-16 08:00:00,25.0
7,Client_07,47,2026-02-16,2,Material_02,2,Operation_02,8,186,2026-02-16 08:15:00,50.0
7,Client_07,47,2026-02-16,7,Material_07,3,Operation_03,1,187,2026-02-16 08:30:00,75.0
7,Client_07,47,2026-02-16,12,Material_12,4,Operation_04,2,188,2026-02-16 08:45:00,100.0
8,Client_08,48,2026-02-17,23,Material_23,1,Operation_01,8,189,2026-02-17 08:00:00,50.0
8,Client_08,48,2026-02-17,3,Material_03,2,Operation_02,1,190,2026-02-17 08:15:00,75.0
8,Client_08,48,2026-02-17,8,Material_08,3,Operation_03,2,191,2026-02-17 08:30:00,100.0
8,Client_08,48,2026-02-17,8,Material_08,4,Operation_04,3,192,2026-02-17 08:45:00,125.0
9,Client_09,49,2026-02-18,24,Material_24,1,Operation_01,1,193,2026-02-18 08:00:00,75.0
9,Client_09,49,2026-02-18,4,Material_04,2,Operation_02,2,194,2026-02-18 08:15:00,100.0
9,Client_09,49,2026-02-18,9,Material_09,3,Operation_03,3,195,2026-02-18 08:30:00,125.0
9,Client_09,49,2026-02-18,14,Material_14,4,Operation_04,3,196,2026-02-18 08:45:00,150.0
10,Client_10,50,2026-02-19,25,Material_25,1,Operation_01,2,197,2026-02-19 08:00:00,100.0
10,Client_10,50,2026-02-19,5,Material_05,2,Operation_02,3,198,2026-02-19 08:15:00,125.0
10,Client_10,50,2026-02-19,10,Material_10,3,Operation_03,4,199,2026-02-19 08:30:00,150.0
10,Client_10,50,2026-02-19,15,Material_15,3,Operation_03,5,200,2026-02-19 08:45:00,150.0
11,Client_11,51,2026-02-20,1,Material_01,1,Operation_01,3,201,2026-02-20 08:00:00,125.0
11,Client_11,51,2026-02-20,6,Material_06,2,Operation_02,4,202,2026-02-20 08:15:00,150.0
11,Client_11,51,2026-02-20,11,Material_11,3,Operation_03,5,203,2026-02-20 08:30:00,175.0
11,Client_11,51,2026-02-20,16,Material_16,4,Operation_04,6,204,2026-02-20 08:45:00,200.0
12,Client_12,52,2026-02-21,2,Material_02,1,Operation_01,4,205,2026-02-21 08:00:00,150.0
12,Client_12,52,2026-02-21,7,Material_07,2,Operation_02,5,206,2026-02-21 08:15:00,175.0
12,Client_12,52,2026-02-21,12,Material_12,3,Operation_03,6,207,2026-02-21 08:30:00,200.0
12,Client_12,52,2026-02-21,17,Material_17,4,Operation_04,7,208,2026-02-21 08:45:00,25.0
13,Client_13,53,2026-02-22,3,Material_03,1,Operation_01,5,209,2026-02-22 08:00:00,175.0
13,Client_13,53,2026-02-22,8,Material_08,2,Operation_02,6,210,2026-02-22 08:15:00,200.0
13,Client_13,53,2026-02-22,13,Material_13,3,Operation_03,7,211,2026-02-22 08:30:00,25.0
13,Client_13,53,2026-02-22,18,Material_18,4,Operation_04,8,212,2026-02-22 08:45:00,50.0
14,Client_14,54,2026-02-23,4,Material_04,1,Operation_01,6,213,2026-02-23 08:00:00,200.0
14,Client_14,54,2026-02-23,9,Material_09,2,Operation_02,7,214,2026-02-23 08:15:00,25.0
14,Client_14,54,2026-02-23,14,Material_14,3,Operation_03,8,215,2026-02-23 08:30:00,50.0
14,Client_14,54,2026-02-23,14,Material_14,4,Operation_04,1,216,2026-02-23 08:45:00,75.0
15,Client_15,55,2026-02-24,5,Material_05,1,Operation_01,7,217,2026-02-24 08:00:00,25.0
15,Client_15,55,2026-02-24,10,Material_10,2,Operation_02,8,218,2026-02-24 08:15:00,50.0
15,Client_15,55,2026-02-24,15,Material_15,3,Operation_03,1,219,2026-02-24 08:30:00,75.0
15,Client_15,55,2026-02-24,20,Material_20,3,Operation_03,2,220,2026-02-24 08:45:00,75.0
16,Client_16,56,2026-02-25,6,Material_06,1,Operation_01,8,221,2026-02-25 08:00:00,50.0
16,Client_16,56,2026-02-25,11,Material_11,2,Operation_02,1,222,2026-02-25 08:15:00,75.0
16,Client_16,56,2026-02-25,16,Material_16,3,Operation_03,2,223,2026-02-25 08:30:00,100.0
16,Client_16,56,2026-02-25,21,Material_21,4,Operation_04,2,224,2026-02-25 08:45:00,125.0
17,Client_17,57,2026-02-26,7,Material_07,1,Operation_01,1,225,2026-02-26 08:00:00,75.0
17,Client_17,57,2026-02-26,12,Material_12,2,Operation_02,2,226,2026-02-26 08:15:00,100.0
17,Client_17,57,2026-02-26,17,Material_17,3,Operation_03,3,227,2026-02-26 08:30:00,125.0
17,Client_17,57,2026-02-26,22,Material_22,4,Operation_04,4,228,2026-02-26 08:45:00,150.0
18,Client_18,58,2026-02-27,8,Material_08,1,Operation_01,2,229,2026-02-27 08:00:00,100.0
18,Client_18,58,2026-02-27,13,Material_13,2,Operation_02,3,230,2026-02-27 08:15:00,125.0
18,Client_18,58,2026-02-27,18,Material_18,3,Operation_03,4,231,2026-02-27 08:30:00,150.0
18,Client_18,58,2026-02-27,23,Material_23,4,Operation_04,5,232,2026-02-27 08:45:00,175.0
19,Client_19,59,2026-02-28,9,Material_09,1,Operation_01,3,233,2026-02-28 08:00:00,125.0
19,Client_19,59,2026-02-28,14,Material_14,2,Operation_02,4,234,2026-02-28 08:15:00,150.0
19,Client_19,59,2026-02-28,19,Material_19,3,Operation_03,5,235,2026-02-28 08:30:00,175.0
19,Client_19,59,2026-02-28,24,Material_24,4,Operation_04,6,236,2026-02-28 08:45:00,200.0
20,Client_20,60,2026-03-01,10,Material_10,1,Operation_01,4,237,2026-03-01 08:00:00,150.0
20,Client_20,60,2026-03-01,15,Material_15,2,Operation_02,5,238,2026-03-01 08:15:00,175.0
20,Client_20,60,2026-03-01,20,Material_20,3,Operation_03,6,239,2026-03-01 08:30:00,200.0
20,Client_20,60,2026-03-01,20,Material_20,3,Operation_03,7,240,2026-03-01 08:45:00,200.0
21,Client_21,61,2026-03-02,11,Material_11,1,Operation_01,5,241,2026-03-02 08:00:00,175.0
21,Client_21,61,2026-03-02,16,Material_16,2,Operation_02,6,242,2026-03-02 08:15:00,200.0
21,Client_21,61,2026-03-02,21,Material_21,3,Operation_03,7,243,2026-03-02 08:30:00,25.0
21,Client_21,61,2026-03-02,1,Material_01,4,Operation_04,8,244,2026-03-02 08:45:00,50.0
22,Client_22,62,2026-03-03,12,Material_12,1,Operation_01,6,245,2026-03-03 08:00:00,200.0
22,Client_22,62,2026-03-03,17,Material_17,2,Operation_02,7,246,2026-03-03 08:15:00,25.0
22,Client_22,62,2026-03-03,22,Material_22,3,Operation_03,8,247,2026-03-03 08:30:00,50.0
22,Client_22,62,2026-03-03,2,Material_02,4,Operation_04,1,248,2026-03-03 08:45:00,75.0
23,Client_23,63,2026-03-04,13,Material_13,1,Operation_01,7,249,2026-03-04 08:00:00,25.0
23,Client_23,63,2026-03-04,18,Material_18,2,Operation_02,8,250,2026-03-04 08:15:00,50.0
23,Client_23,63,2026-03-04,23,Material_23,3,Operation_03,1,251,2026-03-04 08:30:00,75.0
23,Client_23,63,2026-03-04,3,Material_03,4,Operation_04,1,252,2026-03-04 08:45:00,100.0
24,Client_24,64,2026-03-05,14,Material_14,1,Operation_01,8,253,2026-03-05 08:00:00,50.0
24,Client_24,64,2026-03-05,19,Material_19,2,Operation_02,1,254,2026-03-05 08:15:00,75.0
24,Client_24,64,2026-03-05,24,Material_24,3,Operation_03,2,255,2026-03-05 08:30:00,100.0
24,Client_24,64,2026-03-05,4,Material_04,4,Operation_04,3,256,2026-03-05 08:45:00,125.0
25,Client_25,65,2026-03-06,15,Material_15,1,Operation_01,1,257,2026-03-06 08:00:00,75.0
25,Client_25,65,2026-03-06,20,Material_20,2,Operation_02,2,258,2026-03-06 08:15:00,100.0
25,Client_25,65,2026-03-06,25,Material_25,3,Operation_03,3,259,2026-03-06 08:30:00,125.0
25,Client_25,65,2026-03-06,5,Material_05,3,Operation_03,4,260,2026-03-06 08:45:00,125.0
26,Client_26,66,2026-03-07,16,Material_16,1,Operation_01,2,261,2026-03-07 08:00:00,100.0
26,Client_26,66,2026-03-07,21,Material_21,2,Operation_02,3,262,2026-03-07 08:15:00,125.0
26,Client_26,66,2026-03-07,1,Material_01,3,Operation_03,4,263,2026-03-07 08:30:00,150.0
26,Client_26,66,2026-03-07,1,Material_01,4,Operation_04,5,264,2026-03-07 08:45:00,175.0
27,Client_27,67,2026-03-08,17,Material_17,1,Operation_01,3,265,2026-03-08 08:00:00,125.0
27,Client_27,67,2026-03-08,22,Material_22,2,Operation_02,4,266,2026-03-08 08:15:00,150.0
27,Client_27,67,2026-03-08,2,Material_02,3,Operation_03,5,267,2026-03-08 08:30:00,175.0
27,Client_27,67,2026-03-08,7,Material_07,4,Operation_04,6,268,2026-03-08 08:45:00,200.0
28,Client_28,68,2026-03-09,18,Material_18,1,Operation_01,4,269,2026-03-09 08:00:00,150.0
28,Client_28,68,2026-03-09,23,Material_23,2,Operation_02,5,270,2026-03-09 08:15:00,175.0
28,Client_28,68,2026-03-09,3,Material_03,3,Operation_03,6,271,2026-03-09 08:30:00,200.0
28,Client_28,68,2026-03-09,8,Material_08,4,Operation_04,7,272,2026-03-09 08:45:00,25.0
29,Client_29,69,2026-03-10,19,Material_19,1,Operation_01,5,273,2026-03-10 08:00:00,175.0
29,Client_29,69,2026-03-10,24,Material_24,2,Operation_02,6,274,2026-03-10 08:15:00,200.0
29,Client_29,69,2026-03-10,4,Material_04,3,Operation_03,7,275,2026-03-10 08:30:00,25.0
29,Client_29,69,2026-03-10,9,Material_09,4,Operation_04,8,276,2026-03-10 08:45:00,50.0
30,Client_30,70,2026-03-11,20,Material_20,1,Operation_01,6,277,2026-03-11 08:00:00,200.0
30,Client_30,70,2026-03-11,25,Material_25,2,Operation_02,7,278,2026-03-11 08:15:00,25.0
30,Client_30,70,2026-03-11,5,Material_05,3,Operation_03,8,279,2026-03-11 08:30:00,50.0
30,Client_30,70,2026-03-11,10,Material_10,3,Operation_03,8,280,2026-03-11 08:45:00,50.0
31,Client_31,71,2026-03-12,21,Material_21,1,Operation_01,7,281,2026-03-12 08:00:00,25.0
31,Client_31,71,2026-03-12,1,Material_01,2,Operation_02,8,282,2026-03-12 08:15:00,50.0
31,Client_31,71,2026-03-12,6,Material_06,3,Operation_03,1,283,2026-03-12 08:30:00,75.0
31,Client_31,71,2026-03-12,11,Material_11,4,Operation_04,2,284,2026-03-12 08:45:00,100.0
32,Client_32,72,2026-03-13,22,Material_22,1,Operation_01,8,285,2026-03-13 08:00:00,50.0
32,Client_32,72,2026-03-13,2,Material_02,2,Operation_02,1,286,2026-03-13 08:15:00,75.0
32,Client_32,72,2026-03-13,7,Material_07,3,Operation_03,2,287,2026-03-13 08:30:00,100.0
32,Client_32,72,2026-03-13,7,Material_07,4,Operation_04,3,288,2026-03-13 08:45:00,125.0
33,Client_33,73,2026-03-14,23,Material_23,1,Operation_01,1,289,2026-03-14 08:00:00,75.0
33,Client_33,73,2026-03-14,3,Material_03,2,Operation_02,2,290,2026-03-14 08:15:00,100.0
33,Client_33,73,2026-03-14,8,Material_08,3,Operation_03,3,291,2026-03-14 08:30:00,125.0
33,Client_33,73,2026-03-14,13,Material_13,4,Operation_04,4,292,2026-03-14 08:45:00,150.0
34,Client_34,74,2026-03-15,24,Material_24,1,Operation_01,2,293,2026-03-15 08:00:00,100.0
34,Client_34,74,2026-03-15,4,Material_04,2,Operation_02,3,294,2026-03-15 08:15:00,125.0
34,Client_34,74,2026-03-15,9,Material_09,3,Operation_03,4,295,2026-03-15 08:30:00,150.0
34,Client_34,74,2026-03-15,14,Material_14,4,Operation_04,5,296,2026-03-15 08:45:00,175.0
35,Client_35,75,2026-03-16,25,Material_25,1,Operation_01,3,297,2026-03-16 08:00:00,125.0
35,Client_35,75,2026-03-16,5,Material_05,2,Operation_02,4,298,2026-03-16 08:15:00,150.0
35,Client_35,75,2026-03-16,10,Material_10,3,Operation_03,5,299,2026-03-16 08:30:00,175.0
35,Client_35,75,2026-03-16,15,Material_15,3,Operation_03,6,300,2026-03-16 08:45:00,175.0
36,Client_36,76,2026-03-17,1,Material_01,1,Operation_01,4,301,2026-03-17 08:00:00,150.0
36,Client_36,76,2026-03-17,6,Material_06,2,Operation_02,5,302,2026-03-17 08:15:00,175.0
36,Client_36,76,2026-03-17,11,Material_11,3,Operation_03,6,303,2026-03-17 08:30:00,200.0
36,Client_36,76,2026-03-17,16,Material_16,4,Operation_04,7,304,2026-03-17 08:45:00,25.0
37,Client_37,77,2026-03-18,2,Material_02,1,Operation_01,5,305,2026-03-18 08:00:00,175.0
37,Client_37,77,2026-03-18,7,Material_07,2,Operation_02,6,306,2026-03-18 08:15:00,200.0
37,Client_37,77,2026-03-18,12,Material_12,3,Operation_03,7,307,2026-03-18 08:30:00,25.0
37,Client_37,77,2026-03-18,17,Material_17,4,Operation_04,7,308,2026-03-18 08:45:00,50.0
38,Client_38,78,2026-03-19,3,Material_03,1,Operation_01,6,309,2026-03-19 08:00:00,200.0
38,Client_38,78,2026-03-19,8,Material_08,2,Operation_02,7,310,2026-03-19 08:15:00,25.0
38,Client_38,78,2026-03-19,13,Material_13,3,Operation_03,8,311,2026-03-19 08:30:00,50.0
38,Client_38,78,2026-03-19,13,Material_13,4,Operation_04,1,312,2026-03-19 08:45:00,75.0
39,Client_39,79,2026-03-20,4,Material_04,1,Operation_01,7,313,2026-03-20 08:00:00,25.0
39,Client_39,79,2026-03-20,9,Material_09,2,Operation_02,8,314,2026-03-20 08:15:00,50.0
39,Client_39,79,2026-03-20,14,Material_14,3,Operation_03,1,315,2026-03-20 08:30:00,75.0
39,Client_39,79,2026-03-20,19,Material_19,4,Operation_04,2,316,2026-03-20 08:45:00,100.0
40,Client_40,80,2026-03-21,5,Material_05,1,Operation_01,8,317,2026-03-21 08:00:00,50.0
40,Client_40,80,2026-03-21,10,Material_10,2,Operation_02,1,318,2026-03-21 08:15:00,75.0
40,Client_40,80,2026-03-21,15,Material_15,3,Operation_03,2,319,2026-03-21 08:30:00,100.0
40,Client_40,80,2026-03-21,20,Material_20,3,Operation_03,3,320,2026-03-21 08:45:00,100.0
1,Client_01,81,2026-03-22,6,Material_06,1,Operation_01,1,321,2026-03-22 08:00:00,75.0
1,Client_01,81,2026-03-22,11,Material_11,2,Operation_02,2,322,2026-03-22 08:15:00,100.0
1,Client_01,81,2026-03-22,16,Material_16,3,Operation_03,3,323,2026-03-22 08:30:00,125.0
1,Client_01,81,2026-03-22,21,Material_21,4,Operation_04,4,324,2026-03-22 08:45:00,150.0
2,Client_02,82,2026-03-23,7,Material_07,1,Operation_01,2,325,2026-03-23 08:00:00,100.0
2,Client_02,82,2026-03-23,12,Material_12,2,Operation_02,3,326,2026-03-23 08:15:00,125.0
2,Client_02,82,2026-03-23,17,Material_17,3,Operation_03,4,327,2026-03-23 08:30:00,150.0
2,Client_02,82,2026-03-23,22,Material_22,4,Operation_04,5,328,2026-03-23 08:45:00,175.0
3,Client_03,83,2026-03-24,8,Material_08,1,Operation_01,3,329,2026-03-24 08:00:00,125.0
3,Client_03,83,2026-03-24,13,Material_13,2,Operation_02,4,330,2026-03-24 08:15:00,150.0
3,Client_03,83,2026-03-24,18,Material_18,3,Operation_03,5,331,2026-03-24 08:30:00,175.0
3,Client_03,83,2026-03-24,23,Material_23,4,Operation_04,6,332,2026-03-24 08:45:00,200.0
4,Client_04,84,2026-03-25,9,Material_09,1,Operation_01,4,333,2026-03-25 08:00:00,150.0
4,Client_04,84,2026-03-25,14,Material_14,2,Operation_02,5,334,2026-03-25 08:15:00,175.0
4,Client_04,84,2026-03-25,19,Material_19,3,Operation_03,6,335,2026-03-25 08:30:00,200.0
4,Client_04,84,2026-03-25,19,Material_19,4,Operation_04,6,336,2026-03-25 08:45:00,25.0
5,Client_05,85,2026-03-26,10,Material_10,1,Operation_01,5,337,2026-03-26 08:00:00,175.0
5,Client_05,85,2026-03-26,15,Material_15,2,Operation_02,6,338,2026-03-26 08:15:00,200.0
5,Client_05,85,2026-03-26,20,Material_20,3,Operation_03,7,339,2026-03-26 08:30:00,25.0
5,Client_05,85,2026-03-26,25,Material_25,3,Operation_03,8,340,2026-03-26 08:45:00,25.0
6,Client_06,86,2026-03-27,11,Material_11,1,Operation_01,6,341,2026-03-27 08:00:00,200.0
6,Client_06,86,2026-03-27,16,Material_16,2,Operation_02,7,342,2026-03-27 08:15:00,25.0
6,Client_06,86,2026-03-27,21,Material_21,3,Operation_03,8,343,2026-03-27 08:30:00,50.0
6,Client_06,86,2026-03-27,1,Material_01,4,Operation_04,1,344,2026-03-27 08:45:00,75.0
7,Client_07,87,2026-03-28,12,Material_12,1,Operation_01,7,345,2026-03-28 08:00:00,25.0
7,Client_07,87,2026-03-28,17,Material_17,2,Operation_02,8,346,2026-03-28 08:15:00,50.0
7,Client_07,87,2026-03-28,22,Material_22,3,Operation_03,1,347,2026-03-28 08:30:00,75.0
7,Client_07,87,2026-03-28,2,Material_02,4,Operation_04,2,348,2026-03-28 08:45:00,100.0
8,Client_08,88,2026-03-29,13,Material_13,1,Operation_01,8,349,2026-03-29 08:00:00,50.0
8,Client_08,88,2026-03-29,18,Material_18,2,Operation_02,1,350,2026-03-29 08:15:00,75.0
8,Client_08,88,2026-03-29,23,Material_23,3,Operation_03,2,351,2026-03-29 08:30:00,100.0
8,Client_08,88,2026-03-29,3,Material_03,4,Operation_04,3,352,2026-03-29 08:45:00,125.0
9,Client_09,89,2026-03-30,14,Material_14,1,Operation_01,1,353,2026-03-30 08:00:00,75.0
9,Client_09,89,2026-03-30,19,Material_19,2,Operation_02,2,354,2026-03-30 08:15:00,100.0
9,Client_09,89,2026-03-30,24,Material_24,3,Operation_03,3,355,2026-03-30 08:30:00,125.0
9,Client_09,89,2026-03-30,4,Material_04,4,Operation_04,4,356,2026-03-30 08:45:00,150.0
10,Client_10,90,2026-03-31,15,Material_15,1,Operation_01,2,357,2026-03-31 08:00:00,100.0
10,Client_10,90,2026-03-31,20,Material_20,2,Operation_02,3,358,2026-03-31 08:15:00,125.0
10,Client_10,90,2026-03-31,25,Material_25,3,Operation_03,4,359,2026-03-31 08:30:00,150.0
10,Client_10,90,2026-03-31,25,Material_25,3,Operation_03,5,360,2026-03-31 08:45:00,150.0
11,Client_11,91,2026-04-01,16,Material_16,1,Operation_01,3,361,2026-04-01 08:00:00,125.0
11,Client_11,91,2026-04-01,21,Material_21,2,Operation_02,4,362,2026-04-01 08:15:00,150.0
11,Client_11,91,2026-04-01,1,Material_01,3,Operation_03,5,363,2026-04-01 08:30:00,175.0
11,Client_11,91,2026-04-01,6,Material_06,4,Operation_04,5,364,2026-04-01 08:45:00,200.0
12,Client_12,92,2026-04-02,17,Material_17,1,Operation_01,4,365,2026-04-02 08:00:00,150.0
12,Client_12,92,2026-04-02,22,Material_22,2,Operation_02,5,366,2026-04-02 08:15:00,175.0
12,Client_12,92,2026-04-02,2,Material_02,3,Operation_03,6,367,2026-04-02 08:30:00,200.0
12,Client_12,92,2026-04-02,7,Material_07,4,Operation_04,7,368,2026-04-02 08:45:00,25.0
13,Client_13,93,2026-04-03,18,Material_18,1,Operation_01,5,369,2026-04-03 08:00:00,175.0
13,Client_13,93,2026-04-03,23,Material_23,2,Operation_02,6,370,2026-04-03 08:15:00,200.0
13,Client_13,93,2026-04-03,3,Material_03,3,Operation_03,7,371,2026-04-03 08:30:00,25.0
13,Client_13,93,2026-04-03,8,Material_08,4,Operation_04,8,372,2026-04-03 08:45:00,50.0
14,Client_14,94,2026-04-04,19,Material_19,1,Operation_01,6,373,2026-04-04 08:00:00,200.0
14,Client_14,94,2026-04-04,24,Material_24,2,Operation_02,7,374,2026-04-04 08:15:00,25.0
14,Client_14,94,2026-04-04,4,Material_04,3,Operation_03,8,375,2026-04-04 08:30:00,50.0
14,Client_14,94,2026-04-04,9,Material_09,4,Operation_04,1,376,2026-04-04 08:45:00,75.0
15,Client_15,95,2026-04-05,20,Material_20,1,Operation_01,7,377,2026-04-05 08:00:00,25.0
15,Client_15,95,2026-04-05,25,Material_25,2,Operation_02,8,378,2026-04-05 08:15:00,50.0
15,Client_15,95,2026-04-05,5,Material_05,3,Operation_03,1,379,2026-04-05 08:30:00,75.0
15,Client_15,95,2026-04-05,10,Material_10,3,Operation_03,2,380,2026-04-05 08:45:00,75.0
16,Client_16,96,2026-04-06,21,Material_21,1,Operation_01,8,381,2026-04-06 08:00:00,50.0
16,Client_16,96,2026-04-06,1,Material_01,2,Operation_02,1,382,2026-04-06 08:15:00,75.0
16,Client_16,96,2026-04-06,6,Material_06,3,Operation_03,2,383,2026-04-06 08:30:00,100.0
16,Client_16,96,2026-04-06,6,Material_06,4,Operation_04,3,384,2026-04-06 08:45:00,125.0
17,Client_17,97,2026-04-07,22,Material_22,1,Operation_01,1,385,2026-04-07 08:00:00,75.0
17,Client_17,97,2026-04-07,2,Material_02,2,Operation_02,2,386,2026-04-07 08:15:00,100.0
17,Client_17,97,2026-04-07,7,Material_07,3,Operation_03,3,387,2026-04-07 08:30:00,125.0
17,Client_17,97,2026-04-07,12,Material_12,4,Operation_04,4,388,2026-04-07 08:45:00,150.0
18,Client_18,98,2026-04-08,23,Material_23,1,Operation_01,2,389,2026-04-08 08:00:00,100.0
18,Client_18,98,2026-04-08,3,Material_03,2,Operation_02,3,390,2026-04-08 08:15:00,125.0
18,Client_18,98,2026-04-08,8,Material_08,3,Operation_03,4,391,2026-04-08 08:30:00,150.0
18,Client_18,98,2026-04-08,13,Material_13,4,Operation_04,4,392,2026-04-08 08:45:00,175.0
19,Client_19,99,2026-04-09,24,Material_24,1,Operation_01,3,393,2026-04-09 08:00:00,125.0
19,Client_19,99,2026-04-09,4,Material_04,2,Operation_02,4,394,2026-04-09 08:15:00,150.0
19,Client_19,99,2026-04-09,9,Material_09,3,Operation_03,5,395,2026-04-09 08:30:00,175.0
19,Client_19,99,2026-04-09,14,Material_14,4,Operation_04,6,396,2026-04-09 08:45:00,200.0
20,Client_20,100,2026-04-10,25,Material_25,1,Operation_01,4,397,2026-04-10 08:00:00,150.0
20,Client_20,100,2026-04-10,5,Material_05,2,Operation_02,5,398,2026-04-10 08:15:00,175.0
20,Client_20,100,2026-04-10,10,Material_10,3,Operation_03,6,399,2026-04-10 08:30:00,200.0
20,Client_20,100,2026-04-10,15,Material_15,3,Operation_03,7,400,2026-04-10 08:45:00,200.0
21,Client_21,101,2026-04-11,1,Material_01,1,Operation_01,5,401,2026-04-11 08:00:00,175.0
21,Client_21,101,2026-04-11,6,Material_06,2,Operation_02,6,402,2026-04-11 08:15:00,200.0
21,Client_21,101,2026-04-11,11,Material_11,3,Operation_03,7,403,2026-04-11 08:30:00,25.0
21,Client_21,101,2026-04-11,16,Material_16,4,Operation_04,8,404,2026-04-11 08:45:00,50.0
22,Client_22,102,2026-04-12,2,Material_02,1,Operation_01,6,405,2026-04-12 08:00:00,200.0
22,Client_22,102,2026-04-12,7,Material_07,2,Operation_02,7,406,2026-04-12 08:15:00,25.0
22,Client_22,102,2026-04-12,12,Material_12,3,Operation_03,8,407,2026-04-12 08:30:00,50.0
22,Client_22,102,2026-04-12,12,Material_12,4,Operation_04,1,408,2026-04-12 08:45:00,75.0
23,Client_23,103,2026-04-13,3,Material_03,1,Operation_01,7,409,2026-04-13 08:00:00,25.0
23,Client_23,103,2026-04-13,8,Material_08,2,Operation_02,8,410,2026-04-13 08:15:00,50.0
23,Client_23,103,2026-04-13,13,Material_13,3,Operation_03,1,411,2026-04-13 08:30:00,75.0
23,Client_23,103,2026-04-13,18,Material_18,4,Operation_04,2,412,2026-04-13 08:45:00,100.0
24,Client_24,104,2026-04-14,4,Material_04,1,Operation_01,8,413,2026-04-14 08:00:00,50.0
24,Client_24,104,2026-04-14,9,Material_09,2,Operation_02,1,414,2026-04-14 08:15:00,75.0
24,Client_24,104,2026-04-14,14,Material_14,3,Operation_03,2,415,2026-04-14 08:30:00,100.0
24,Client_24,104,2026-04-14,19,Material_19,4,Operation_04,3,416,2026-04-14 08:45:00,125.0
25,Client_25,105,2026-04-15,5,Material_05,1,Operation_01,1,417,2026-04-15 08:00:00,75.0
25,Client_25,105,2026-04-15,10,Material_10,2,Operation_02,2,418,2026-04-15 08:15:00,100.0
25,Client_25,105,2026-04-15,15,Material_15,3,Operation_03,3,419,2026-04-15 08:30:00,125.0
25,Client_25,105,2026-04-15,20,Material_20,3,Operation_03,3,420,2026-04-15 08:45:00,125.0
26,Client_26,106,2026-04-16,6,Material_06,1,Operation_01,2,421,2026-04-16 08:00:00,100.0
26,Client_26,106,2026-04-16,11,Material_11,2,Operation_02,3,422,2026-04-16 08:15:00,125.0
26,Client_26,106,2026-04-16,16,Material_16,3,Operation_03,4,423,2026-04-16 08:30:00,150.0
26,Client_26,106,2026-04-16,21,Material_21,4,Operation_04,5,424,2026-04-16 08:45:00,175.0
27,Client_27,107,2026-04-17,7,Material_07,1,Operation_01,3,425,2026-04-17 08:00:00,125.0
27,Client_27,107,2026-04-17,12,Material_12,2,Operation_02,4,426,2026-04-17 08:15:00,150.0
27,Client_27,107,2026-04-17,17,Material_17,3,Operation_03,5,427,2026-04-17 08:30:00,175.0
27,Client_27,107,2026-04-17,22,Material_22,4,Operation_04,6,428,2026-04-17 08:45:00,200.0
28,Client_28,108,2026-04-18,8,Material_08,1,Operation_01,4,429,2026-04-18 08:00:00,150.0
28,Client_28,108,2026-04-18,13,Material_13,2,Operation_02,5,430,2026-04-18 08:15:00,175.0
28,Client_28,108,2026-04-18,18,Material_18,3,Operation_03,6,431,2026-04-18 08:30:00,200.0
28,Client_28,108,2026-04-18,18,Material_18,4,Operation_04,7,432,2026-04-18 08:45:00,25.0
29,Client_29,109,2026-04-19,9,Material_09,1,Operation_01,5,433,2026-04-19 08:00:00,175.0
29,Client_29,109,2026-04-19,14,Material_14,2,Operation_02,6,434,2026-04-19 08:15:00,200.0
29,Client_29,109,2026-04-19,19,Material_19,3,Operation_03,7,435,2026-04-19 08:30:00,25.0
29,Client_29,109,2026-04-19,24,Material_24,4,Operation_04,8,436,2026-04-19 08:45:00,50.0
30,Client_30,110,2026-04-20,10,Material_10,1,Operation_01,6,437,2026-04-20 08:00:00,200.0
30,Client_30,110,2026-04-20,15,Material_15,2,Operation_02,7,438,2026-04-20 08:15:00,25.0
30,Client_30,110,2026-04-20,20,Material_20,3,Operation_03,8,439,2026-04-20 08:30:00,50.0
30,Client_30,110,2026-04-20,25,Material_25,3,Operation_03,1,440,2026-04-20 08:45:00,50.0
31,Client_31,111,2026-04-21,11,Material_11,1,Operation_01,7,441,2026-04-21 08:00:00,25.0
31,Client_31,111,2026-04-21,16,Material_16,2,Operation_02,8,442,2026-04-21 08:15:00,50.0
31,Client_31,111,2026-04-21,21,Material_21,3,Operation_03,1,443,2026-04-21 08:30:00,75.0
31,Client_31,111,2026-04-21,1,Material_01,4,Operation_04,2,444,2026-04-21 08:45:00,100.0
32,Client_32,112,2026-04-22,12,Material_12,1,Operation_01,8,445,2026-04-22 08:00:00,50.0
32,Client_32,112,2026-04-22,17,Material_17,2,Operation_02,1,446,2026-04-22 08:15:00,75.0
32,Client_32,112,2026-04-22,22,Material_22,3,Operation_03,2,447,2026-04-22 08:30:00,100.0
32,Client_32,112,2026-04-22,2,Material_02,4,Operation_04,2,448,2026-04-22 08:45:00,125.0
33,Client_33,113,2026-04-23,13,Material_13,1,Operation_01,1,449,2026-04-23 08:00:00,75.0
33,Client_33,113,2026-04-23,18,Material_18,2,Operation_02,2,450,2026-04-23 08:15:00,100.0
33,Client_33,113,2026-04-23,23,Material_23,3,Operation_03,3,451,2026-04-23 08:30:00,125.0
33,Client_33,113,2026-04-23,3,Material_03,4,Operation_04,4,452,2026-04-23 08:45:00,150.0
34,Client_34,114,2026-04-24,14,Material_14,1,Operation_01,2,453,2026-04-24 08:00:00,100.0
34,Client_34,114,2026-04-24,19,Material_19,2,Operation_02,3,454,2026-04-24 08:15:00,125.0
34,Client_34,114,2026-04-24,24,Material_24,3,Operation_03,4,455,2026-04-24 08:30:00,150.0
34,Client_34,114,2026-04-24,24,Material_24,4,Operation_04,5,456,2026-04-24 08:45:00,175.0
35,Client_35,115,2026-04-25,15,Material_15,1,Operation_01,3,457,2026-04-25 08:00:00,125.0
35,Client_35,115,2026-04-25,20,Material_20,2,Operation_02,4,458,2026-04-25 08:15:00,150.0
35,Client_35,115,2026-04-25,25,Material_25,3,Operation_03,5,459,2026-04-25 08:30:00,175.0
35,Client_35,115,2026-04-25,5,Material_05,3,Operation_03,6,460,2026-04-25 08:45:00,175.0
36,Client_36,116,2026-04-26,16,Material_16,1,Operation_01,4,461,2026-04-26 08:00:00,150.0
36,Client_36,116,2026-04-26,21,Material_21,2,Operation_02,5,462,2026-04-26 08:15:00,175.0
36,Client_36,116,2026-04-26,1,Material_01,3,Operation_03,6,463,2026-04-26 08:30:00,200.0
36,Client_36,116,2026-04-26,6,Material_06,4,Operation_04,7,464,2026-04-26 08:45:00,25.0
37,Client_37,117,2026-04-27,17,Material_17,1,Operation_01,5,465,2026-04-27 08:00:00,175.0
37,Client_37,117,2026-04-27,22,Material_22,2,Operation_02,6,466,2026-04-27 08:15:00,200.0
37,Client_37,117,2026-04-27,2,Material_02,3,Operation_03,7,467,2026-04-27 08:30:00,25.0
37,Client_37,117,2026-04-27,7,Material_07,4,Operation_04,8,468,2026-04-27 08:45:00,50.0
38,Client_38,118,2026-04-28,18,Material_18,1,Operation_01,6,469,2026-04-28 08:00:00,200.0
38,Client_38,118,2026-04-28,23,Material_23,2,Operation_02,7,470,2026-04-28 08:15:00,25.0
38,Client_38,118,2026-04-28,3,Material_03,3,Operation_03,8,471,2026-04-28 08:30:00,50.0
38,Client_38,118,2026-04-28,8,Material_08,4,Operation_04,1,472,2026-04-28 08:45:00,75.0
39,Client_39,119,2026-04-29,19,Material_19,1,Operation_01,7,473,2026-04-29 08:00:00,25.0
39,Client_39,119,2026-04-29,24,Material_24,2,Operation_02,8,474,2026-04-29 08:15:00,50.0
39,Client_39,119,2026-04-29,4,Material_04,3,Operation_03,1,475,2026-04-29 08:30:00,75.0
39,Client_39,119,2026-04-29,9,Material_09,4,Operation_04,1,476,2026-04-29 08:45:00,100.0
40,Client_40,120,2026-04-30,20,Material_20,1,Operation_01,8,477,2026-04-30 08:00:00,75.0
40,Client_40,120,2026-04-30,25,Material_25,2,Operation_02,1,478,2026-04-30 08:15:00,100.0
40,Client_40,120,2026-04-30,5,Material_05,3,Operation_03,2,479,2026-04-30 08:30:00,125.0
40,Client_40,120,2026-04-30,10,Material_10,4,Operation_04,3,480,2026-04-30 08:45:00,150.0
4,Client_04,121,2026-01-01,1,Material_01,1,Operation_01,1,481,2026-01-01 08:00:00,100.0
4,Client_04,121,2026-01-01,1,Material_01,2,Operation_02,2,482,2026-01-01 08:15:00,125.0
4,Client_04,121,2026-01-01,6,Material_06,3,Operation_03,3,483,2026-01-01 08:30:00,150.0
4,Client_04,121,2026-01-01,11,Material_11,4,Operation_04,4,484,2026-01-01 08:45:00,175.0
5,Client_05,122,2026-01-02,2,Material_02,1,Operation_01,2,485,2026-01-02 08:00:00,125.0
5,Client_05,122,2026-01-02,2,Material_02,2,Operation_02,3,486,2026-01-02 08:15:00,150.0
5,Client_05,122,2026-01-02,7,Material_07,3,Operation_03,4,487,2026-01-02 08:30:00,175.0
5,Client_05,122,2026-01-02,12,Material_12,4,Operation_04,5,488,2026-01-02 08:45:00,200.0
6,Client_06,123,2026-01-03,3,Material_03,1,Operation_01,3,489,2026-01-03 08:00:00,150.0
6,Client_06,123,2026-01-03,3,Material_03,2,Operation_02,4,490,2026-01-03 08:15:00,175.0
6,Client_06,123,2026-01-03,8,Material_08,3,Operation_03,5,491,2026-01-03 08:30:00,200.0
6,Client_06,123,2026-01-03,13,Material_13,4,Operation_04,6,492,2026-01-03 08:45:00,25.0
7,Client_07,124,2026-01-04,4,Material_04,1,Operation_01,4,493,2026-01-04 08:00:00,175.0
7,Client_07,124,2026-01-04,4,Material_04,2,Operation_02,5,494,2026-01-04 08:15:00,200.0
7,Client_07,124,2026-01-04,9,Material_09,3,Operation_03,6,495,2026-01-04 08:30:00,25.0
7,Client_07,124,2026-01-04,14,Material_14,3,Operation_03,7,496,2026-01-04 08:45:00,25.0
8,Client_08,125,2026-01-05,5,Material_05,1,Operation_01,5,497,2026-01-05 08:00:00,200.0
8,Client_08,125,2026-01-05,5,Material_05,2,Operation_02,6,498,2026-01-05 08:15:00,25.0
8,Client_08,125,2026-01-05,10,Material_10,3,Operation_03,7,499,2026-01-05 08:30:00,50.0
8,Client_08,125,2026-01-05,10,Material_10,4,Operation_04,8,500,2026-01-05 08:45:00,75.0
9,Client_09,126,2026-01-06,6,Material_06,1,Operation_01,6,501,2026-01-06 08:00:00,25.0
9,Client_09,126,2026-01-06,6,Material_06,2,Operation_02,7,502,2026-01-06 08:15:00,50.0
9,Client_09,126,2026-01-06,11,Material_11,3,Operation_03,8,503,2026-01-06 08:30:00,75.0
9,Client_09,126,2026-01-06,16,Material_16,4,Operation_04,8,504,2026-01-06 08:45:00,100.0
10,Client_10,127,2026-01-07,7,Material_07,1,Operation_01,7,505,2026-01-07 08:00:00,50.0
10,Client_10,127,2026-01-07,7,Material_07,2,Operation_02,8,506,2026-01-07 08:15:00,75.0
10,Client_10,127,2026-01-07,12,Material_12,3,Operation_03,1,507,2026-01-07 08:30:00,100.0
10,Client_10,127,2026-01-07,17,Material_17,4,Operation_04,2,508,2026-01-07 08:45:00,125.0
11,Client_11,128,2026-01-08,8,Material_08,1,Operation_01,8,509,2026-01-08 08:00:00,75.0
11,Client_11,128,2026-01-08,8,Material_08,2,Operation_02,1,510,2026-01-08 08:15:00,100.0
11,Client_11,128,2026-01-08,13,Material_13,3,Operation_03,2,511,2026-01-08 08:30:00,125.0
11,Client_11,128,2026-01-08,18,Material_18,4,Operation_04,3,512,2026-01-08 08:45:00,150.0
12,Client_12,129,2026-01-09,9,Material_09,1,Operation_01,1,513,2026-01-09 08:00:00,100.0
12,Client_12,129,2026-01-09,9,Material_09,2,Operation_02,2,514,2026-01-09 08:15:00,125.0
12,Client_12,129,2026-01-09,14,Material_14,3,Operation_03,3,515,2026-01-09 08:30:00,150.0
12,Client_12,129,2026-01-09,19,Material_19,3,Operation_03,4,516,2026-01-09 08:45:00,150.0
13,Client_13,130,2026-01-10,10,Material_10,1,Operation_01,2,517,2026-01-10 08:00:00,125.0
13,Client_13,130,2026-01-10,10,Material_10,2,Operation_02,3,518,2026-01-10 08:15:00,150.0
13,Client_13,130,2026-01-10,15,Material_15,3,Operation_03,4,519,2026-01-10 08:30:00,175.0
13,Client_13,130,2026-01-10,20,Material_20,4,Operation_04,5,520,2026-01-10 08:45:00,200.0
14,Client_14,131,2026-01-11,11,Material_11,1,Operation_01,3,521,2026-01-11 08:00:00,150.0
14,Client_14,131,2026-01-11,11,Material_11,2,Operation_02,4,522,2026-01-11 08:15:00,175.0
14,Client_14,131,2026-01-11,16,Material_16,3,Operation_03,5,523,2026-01-11 08:30:00,200.0
14,Client_14,131,2026-01-11,16,Material_16,4,Operation_04,6,524,2026-01-11 08:45:00,25.0
15,Client_15,132,2026-01-12,12,Material_12,1,Operation_01,4,525,2026-01-12 08:00:00,175.0
15,Client_15,132,2026-01-12,12,Material_12,2,Operation_02,5,526,2026-01-12 08:15:00,200.0
15,Client_15,132,2026-01-12,17,Material_17,3,Operation_03,6,527,2026-01-12 08:30:00,25.0
15,Client_15,132,2026-01-12,22,Material_22,4,Operation_04,7,528,2026-01-12 08:45:00,50.0
16,Client_16,133,2026-01-13,13,Material_13,1,Operation_01,5,529,2026-01-13 08:00:00,200.0
16,Client_16,133,2026-01-13,13,Material_13,2,Operation_02,6,530,2026-01-13 08:15:00,25.0
16,Client_16,133,2026-01-13,18,Material_18,3,Operation_03,7,531,2026-01-13 08:30:00,50.0
16,Client_16,133,2026-01-13,23,Material_23,4,Operation_04,7,532,2026-01-13 08:45:00,75.0
17,Client_17,134,2026-01-14,14,Material_14,1,Operation_01,6,533,2026-01-14 08:00:00,25.0
17,Client_17,134,2026-01-14,14,Material_14,2,Operation_02,7,534,2026-01-14 08:15:00,50.0
17,Client_17,134,2026-01-14,19,Material_19,3,Operation_03,8,535,2026-01-14 08:30:00,75.0
17,Client_17,134,2026-01-14,24,Material_24,3,Operation_03,1,536,2026-01-14 08:45:00,75.0
18,Client_18,135,2026-01-15,15,Material_15,1,Operation_01,7,537,2026-01-15 08:00:00,50.0
18,Client_18,135,2026-01-15,15,Material_15,2,Operation_02,8,538,2026-01-15 08:15:00,75.0
18,Client_18,135,2026-01-15,20,Material_20,3,Operation_03,1,539,2026-01-15 08:30:00,100.0
18,Client_18,135,2026-01-15,25,Material_25,4,Operation_04,2,540,2026-01-15 08:45:00,125.0
19,Client_19,136,2026-01-16,16,Material_16,1,Operation_01,8,541,2026-01-16 08:00:00,75.0
19,Client_19,136,2026-01-16,16,Material_16,2,Operation_02,1,542,2026-01-16 08:15:00,100.0
19,Client_19,136,2026-01-16,21,Material_21,3,Operation_03,2,543,2026-01-16 08:30:00,125.0
19,Client_19,136,2026-01-16,1,Material_01,4,Operation_04,3,544,2026-01-16 08:45:00,150.0
20,Client_20,137,2026-01-17,17,Material_17,1,Operation_01,1,545,2026-01-17 08:00:00,100.0
20,Client_20,137,2026-01-17,17,Material_17,2,Operation_02,2,546,2026-01-17 08:15:00,125.0
20,Client_20,137,2026-01-17,22,Material_22,3,Operation_03,3,547,2026-01-17 08:30:00,150.0
20,Client_20,137,2026-01-17,22,Material_22,4,Operation_04,4,548,2026-01-17 08:45:00,175.0
21,Client_21,138,2026-01-18,18,Material_18,1,Operation_01,2,549,2026-01-18 08:00:00,125.0
21,Client_21,138,2026-01-18,18,Material_18,2,Operation_02,3,550,2026-01-18 08:15:00,150.0
21,Client_21,138,2026-01-18,23,Material_23,3,Operation_03,4,551,2026-01-18 08:30:00,175.0
21,Client_21,138,2026-01-18,3,Material_03,4,Operation_04,5,552,2026-01-18 08:45:00,200.0
22,Client_22,139,2026-01-19,19,Material_19,1,Operation_01,3,553,2026-01-19 08:00:00,150.0
22,Client_22,139,2026-01-19,19,Material_19,2,Operation_02,4,554,2026-01-19 08:15:00,175.0
22,Client_22,139,2026-01-19,24,Material_24,3,Operation_03,5,555,2026-01-19 08:30:00,200.0
22,Client_22,139,2026-01-19,4,Material_04,3,Operation_03,6,556,2026-01-19 08:45:00,200.0
23,Client_23,140,2026-01-20,20,Material_20,1,Operation_01,4,557,2026-01-20 08:00:00,175.0
23,Client_23,140,2026-01-20,20,Material_20,2,Operation_02,5,558,2026-01-20 08:15:00,200.0
23,Client_23,140,2026-01-20,25,Material_25,3,Operation_03,6,559,2026-01-20 08:30:00,25.0
23,Client_23,140,2026-01-20,5,Material_05,4,Operation_04,6,560,2026-01-20 08:45:00,50.0
24,Client_24,141,2026-01-21,21,Material_21,1,Operation_01,5,561,2026-01-21 08:00:00,200.0
24,Client_24,141,2026-01-21,21,Material_21,2,Operation_02,6,562,2026-01-21 08:15:00,25.0
24,Client_24,141,2026-01-21,1,Material_01,3,Operation_03,7,563,2026-01-21 08:30:00,50.0
24,Client_24,141,2026-01-21,6,Material_06,4,Operation_04,8,564,2026-01-21 08:45:00,75.0
25,Client_25,142,2026-01-22,22,Material_22,1,Operation_01,6,565,2026-01-22 08:00:00,25.0
25,Client_25,142,2026-01-22,22,Material_22,2,Operation_02,7,566,2026-01-22 08:15:00,50.0
25,Client_25,142,2026-01-22,2,Material_02,3,Operation_03,8,567,2026-01-22 08:30:00,75.0
25,Client_25,142,2026-01-22,7,Material_07,4,Operation_04,1,568,2026-01-22 08:45:00,100.0
26,Client_26,143,2026-01-23,23,Material_23,1,Operation_01,7,569,2026-01-23 08:00:00,50.0
26,Client_26,143,2026-01-23,23,Material_23,2,Operation_02,8,570,2026-01-23 08:15:00,75.0
26,Client_26,143,2026-01-23,3,Material_03,3,Operation_03,1,571,2026-01-23 08:30:00,100.0
26,Client_26,143,2026-01-23,3,Material_03,4,Operation_04,2,572,2026-01-23 08:45:00,125.0
27,Client_27,144,2026-01-24,24,Material_24,1,Operation_01,8,573,2026-01-24 08:00:00,75.0
27,Client_27,144,2026-01-24,24,Material_24,2,Operation_02,1,574,2026-01-24 08:15:00,100.0
27,Client_27,144,2026-01-24,4,Material_04,3,Operation_03,2,575,2026-01-24 08:30:00,125.0
27,Client_27,144,2026-01-24,9,Material_09,3,Operation_03,3,576,2026-01-24 08:45:00,125.0
28,Client_28,145,2026-01-25,25,Material_25,1,Operation_01,1,577,2026-01-25 08:00:00,100.0
28,Client_28,145,2026-01-25,25,Material_25,2,Operation_02,2,578,2026-01-25 08:15:00,125.0
28,Client_28,145,2026-01-25,5,Material_05,3,Operation_03,3,579,2026-01-25 08:30:00,150.0
28,Client_28,145,2026-01-25,10,Material_10,4,Operation_04,4,580,2026-01-25 08:45:00,175.0
29,Client_29,146,2026-01-26,1,Material_01,1,Operation_01,2,581,2026-01-26 08:00:00,125.0
29,Client_29,146,2026-01-26,1,Material_01,2,Operation_02,3,582,2026-01-26 08:15:00,150.0
29,Client_29,146,2026-01-26,6,Material_06,3,Operation_03,4,583,2026-01-26 08:30:00,175.0
29,Client_29,146,2026-01-26,11,Material_11,4,Operation_04,5,584,2026-01-26 08:45:00,200.0
30,Client_30,147,2026-01-27,2,Material_02,1,Operation_01,3,585,2026-01-27 08:00:00,150.0
30,Client_30,147,2026-01-27,2,Material_02,2,Operation_02,4,586,2026-01-27 08:15:00,175.0
30,Client_30,147,2026-01-27,7,Material_07,3,Operation_03,5,587,2026-01-27 08:30:00,200.0
30,Client_30,147,2026-01-27,12,Material_12,4,Operation_04,5,588,2026-01-27 08:45:00,25.0
31,Client_31,148,2026-01-28,3,Material_03,1,Operation_01,4,589,2026-01-28 08:00:00,175.0
31,Client_31,148,2026-01-28,3,Material_03,2,Operation_02,5,590,2026-01-28 08:15:00,200.0
31,Client_31,148,2026-01-28,8,Material_08,3,Operation_03,6,591,2026-01-28 08:30:00,25.0
31,Client_31,148,2026-01-28,13,Material_13,4,Operation_04,7,592,2026-01-28 08:45:00,50.0
32,Client_32,149,2026-01-29,4,Material_04,1,Operation_01,5,593,2026-01-29 08:00:00,200.0
32,Client_32,149,2026-01-29,4,Material_04,2,Operation_02,6,594,2026-01-29 08:15:00,25.0
32,Client_32,149,2026-01-29,9,Material_09,3,Operation_03,7,595,2026-01-29 08:30:00,50.0
32,Client_32,149,2026-01-29,9,Material_09,3,Operation_03,8,596,2026-01-29 08:45:00,50.0
33,Client_33,150,2026-01-30,5,Material_05,1,Operation_01,6,597,2026-01-30 08:00:00,25.0
33,Client_33,150,2026-01-30,5,Material_05,2,Operation_02,7,598,2026-01-30 08:15:00,50.0
33,Client_33,150,2026-01-30,10,Material_10,3,Operation_03,8,599,2026-01-30 08:30:00,75.0
33,Client_33,150,2026-01-30,15,Material_15,4,Operation_04,1,600,2026-01-30 08:45:00,100.0
34,Client_34,151,2026-01-31,6,Material_06,1,Operation_01,7,601,2026-01-31 08:00:00,50.0
34,Client_34,151,2026-01-31,6,Material_06,2,Operation_02,8,602,2026-01-31 08:15:00,75.0
34,Client_34,151,2026-01-31,11,Material_11,3,Operation_03,1,603,2026-01-31 08:30:00,100.0
34,Client_34,151,2026-01-31,16,Material_16,4,Operation_04,2,604,2026-01-31 08:45:00,125.0
35,Client_35,152,2026-02-01,7,Material_07,1,Operation_01,8,605,2026-02-01 08:00:00,75.0
35,Client_35,152,2026-02-01,7,Material_07,2,Operation_02,1,606,2026-02-01 08:15:00,100.0
35,Client_35,152,2026-02-01,12,Material_12,3,Operation_03,2,607,2026-02-01 08:30:00,125.0
35,Client_35,152,2026-02-01,17,Material_17,4,Operation_04,3,608,2026-02-01 08:45:00,150.0
36,Client_36,153,2026-02-02,8,Material_08,1,Operation_01,1,609,2026-02-02 08:00:00,100.0
36,Client_36,153,2026-02-02,8,Material_08,2,Operation_02,2,610,2026-02-02 08:15:00,125.0
36,Client_36,153,2026-02-02,13,Material_13,3,Operation_03,3,611,2026-02-02 08:30:00,150.0
36,Client_36,153,2026-02-02,18,Material_18,4,Operation_04,4,612,2026-02-02 08:45:00,175.0
37,Client_37,154,2026-02-03,9,Material_09,1,Operation_01,2,613,2026-02-03 08:00:00,125.0
37,Client_37,154,2026-02-03,9,Material_09,2,Operation_02,3,614,2026-02-03 08:15:00,150.0
37,Client_37,154,2026-02-03,14,Material_14,3,Operation_03,4,615,2026-02-03 08:30:00,175.0
37,Client_37,154,2026-02-03,19,Material_19,3,Operation_03,4,616,2026-02-03 08:45:00,175.0
38,Client_38,155,2026-02-04,10,Material_10,1,Operation_01,3,617,2026-02-04 08:00:00,150.0
38,Client_38,155,2026-02-04,10,Material_10,2,Operation_02,4,618,2026-02-04 08:15:00,175.0
38,Client_38,155,2026-02-04,15,Material_15,3,Operation_03,5,619,2026-02-04 08:30:00,200.0
38,Client_38,155,2026-02-04,15,Material_15,4,Operation_04,6,620,2026-02-04 08:45:00,25.0
39,Client_39,156,2026-02-05,11,Material_11,1,Operation_01,4,621,2026-02-05 08:00:00,175.0
39,Client_39,156,2026-02-05,11,Material_11,2,Operation_02,5,622,2026-02-05 08:15:00,200.0
39,Client_39,156,2026-02-05,16,Material_16,3,Operation_03,6,623,2026-02-05 08:30:00,25.0
39,Client_39,156,2026-02-05,21,Material_21,4,Operation_04,7,624,2026-02-05 08:45:00,50.0
40,Client_40,157,2026-02-06,12,Material_12,1,Operation_01,5,625,2026-02-06 08:00:00,200.0
40,Client_40,157,2026-02-06,12,Material_12,2,Operation_02,6,626,2026-02-06 08:15:00,25.0
40,Client_40,157,2026-02-06,17,Material_17,3,Operation_03,7,627,2026-02-06 08:30:00,50.0
40,Client_40,157,2026-02-06,22,Material_22,4,Operation_04,8,628,2026-02-06 08:45:00,75.0
1,Client_01,158,2026-02-07,13,Material_13,1,Operation_01,6,629,2026-02-07 08:00:00,25.0
1,Client_01,158,2026-02-07,13,Material_13,2,Operation_02,7,630,2026-02-07 08:15:00,50.0
1,Client_01,158,2026-02-07,18,Material_18,3,Operation_03,8,631,2026-02-07 08:30:00,75.0
1,Client_01,158,2026-02-07,23,Material_23,4,Operation_04,1,632,2026-02-07 08:45:00,100.0
2,Client_02,159,2026-02-08,14,Material_14,1,Operation_01,7,633,2026-02-08 08:00:00,50.0
2,Client_02,159,2026-02-08,14,Material_14,2,Operation_02,8,634,2026-02-08 08:15:00,75.0
2,Client_02,159,2026-02-08,19,Material_19,3,Operation_03,1,635,2026-02-08 08:30:00,100.0
2,Client_02,159,2026-02-08,24,Material_24,3,Operation_03,2,636,2026-02-08 08:45:00,100.0
3,Client_03,160,2026-02-09,15,Material_15,1,Operation_01,8,637,2026-02-09 08:00:00,75.0
3,Client_03,160,2026-02-09,15,Material_15,2,Operation_02,1,638,2026-02-09 08:15:00,100.0
3,Client_03,160,2026-02-09,20,Material_20,3,Operation_03,2,639,2026-02-09 08:30:00,125.0
3,Client_03,160,2026-02-09,25,Material_25,4,Operation_04,3,640,2026-02-09 08:45:00,150.0
4,Client_04,161,2026-02-10,16,Material_16,1,Operation_01,1,641,2026-02-10 08:00:00,100.0
4,Client_04,161,2026-02-10,16,Material_16,2,Operation_02,2,642,2026-02-10 08:15:00,125.0
4,Client_04,161,2026-02-10,21,Material_21,3,Operation_03,3,643,2026-02-10 08:30:00,150.0
4,Client_04,161,2026-02-10,21,Material_21,4,Operation_04,3,644,2026-02-10 08:45:00,175.0
5,Client_05,162,2026-02-11,17,Material_17,1,Operation_01,2,645,2026-02-11 08:00:00,125.0
5,Client_05,162,2026-02-11,17,Material_17,2,Operation_02,3,646,2026-02-11 08:15:00,150.0
5,Client_05,162,2026-02-11,22,Material_22,3,Operation_03,4,647,2026-02-11 08:30:00,175.0
5,Client_05,162,2026-02-11,2,Material_02,4,Operation_04,5,648,2026-02-11 08:45:00,200.0
6,Client_06,163,2026-02-12,18,Material_18,1,Operation_01,3,649,2026-02-12 08:00:00,150.0
6,Client_06,163,2026-02-12,18,Material_18,2,Operation_02,4,650,2026-02-12 08:15:00,175.0
6,Client_06,163,2026-02-12,23,Material_23,3,Operation_03,5,651,2026-02-12 08:30:00,200.0
6,Client_06,163,2026-02-12,3,Material_03,4,Operation_04,6,652,2026-02-12 08:45:00,25.0
7,Client_07,164,2026-02-13,19,Material_19,1,Operation_01,4,653,2026-02-13 08:00:00,175.0
7,Client_07,164,2026-02-13,19,Material_19,2,Operation_02,5,654,2026-02-13 08:15:00,200.0
7,Client_07,164,2026-02-13,24,Material_24,3,Operation_03,6,655,2026-02-13 08:30:00,25.0
7,Client_07,164,2026-02-13,4,Material_04,3,Operation_03,7,656,2026-02-13 08:45:00,25.0
8,Client_08,165,2026-02-14,20,Material_20,1,Operation_01,5,657,2026-02-14 08:00:00,200.0
8,Client_08,165,2026-02-14,20,Material_20,2,Operation_02,6,658,2026-02-14 08:15:00,25.0
8,Client_08,165,2026-02-14,25,Material_25,3,Operation_03,7,659,2026-02-14 08:30:00,50.0
8,Client_08,165,2026-02-14,5,Material_05,4,Operation_04,8,660,2026-02-14 08:45:00,75.0
9,Client_09,166,2026-02-15,21,Material_21,1,Operation_01,6,661,2026-02-15 08:00:00,25.0
9,Client_09,166,2026-02-15,21,Material_21,2,Operation_02,7,662,2026-02-15 08:15:00,50.0
9,Client_09,166,2026-02-15,1,Material_01,3,Operation_03,8,663,2026-02-15 08:30:00,75.0
9,Client_09,166,2026-02-15,6,Material_06,4,Operation_04,1,664,2026-02-15 08:45:00,100.0
10,Client_10,167,2026-02-16,22,Material_22,1,Operation_01,7,665,2026-02-16 08:00:00,50.0
10,Client_10,167,2026-02-16,22,Material_22,2,Operation_02,8,666,2026-02-16 08:15:00,75.0
10,Client_10,167,2026-02-16,2,Material_02,3,Operation_03,1,667,2026-02-16 08:30:00,100.0
10,Client_10,167,2026-02-16,2,Material_02,4,Operation_04,2,668,2026-02-16 08:45:00,125.0
11,Client_11,168,2026-02-17,23,Material_23,1,Operation_01,8,669,2026-02-17 08:00:00,75.0
11,Client_11,168,2026-02-17,23,Material_23,2,Operation_02,1,670,2026-02-17 08:15:00,100.0
11,Client_11,168,2026-02-17,3,Material_03,3,Operation_03,2,671,2026-02-17 08:30:00,125.0
11,Client_11,168,2026-02-17,8,Material_08,4,Operation_04,2,672,2026-02-17 08:45:00,150.0
12,Client_12,169,2026-02-18,24,Material_24,1,Operation_01,1,673,2026-02-18 08:00:00,100.0
12,Client_12,169,2026-02-18,24,Material_24,2,Operation_02,2,674,2026-02-18 08:15:00,125.0
12,Client_12,169,2026-02-18,4,Material_04,3,Operation_03,3,675,2026-02-18 08:30:00,150.0
12,Client_12,169,2026-02-18,9,Material_09,3,Operation_03,4,676,2026-02-18 08:45:00,150.0
13,Client_13,170,2026-02-19,25,Material_25,1,Operation_01,2,677,2026-02-19 08:00:00,125.0
13,Client_13,170,2026-02-19,25,Material_25,2,Operation_02,3,678,2026-02-19 08:15:00,150.0
13,Client_13,170,2026-02-19,5,Material_05,3,Operation_03,4,679,2026-02-19 08:30:00,175.0
13,Client_13,170,2026-02-19,10,Material_10,4,Operation_04,5,680,2026-02-19 08:45:00,200.0
14,Client_14,171,2026-02-20,1,Material_01,1,Operation_01,3,681,2026-02-20 08:00:00,150.0
14,Client_14,171,2026-02-20,1,Material_01,2,Operation_02,4,682,2026-02-20 08:15:00,175.0
14,Client_14,171,2026-02-20,6,Material_06,3,Operation_03,5,683,2026-02-20 08:30:00,200.0
14,Client_14,171,2026-02-20,11,Material_11,4,Operation_04,6,684,2026-02-20 08:45:00,25.0
15,Client_15,172,2026-02-21,2,Material_02,1,Operation_01,4,685,2026-02-21 08:00:00,175.0
15,Client_15,172,2026-02-21,2,Material_02,2,Operation_02,5,686,2026-02-21 08:15:00,200.0
15,Client_15,172,2026-02-21,7,Material_07,3,Operation_03,6,687,2026-02-21 08:30:00,25.0
15,Client_15,172,2026-02-21,12,Material_12,4,Operation_04,7,688,2026-02-21 08:45:00,50.0
16,Client_16,173,2026-02-22,3,Material_03,1,Operation_01,5,689,2026-02-22 08:00:00,200.0
16,Client_16,173,2026-02-22,3,Material_03,2,Operation_02,6,690,2026-02-22 08:15:00,25.0
16,Client_16,173,2026-02-22,8,Material_08,3,Operation_03,7,691,2026-02-22 08:30:00,50.0
16,Client_16,173,2026-02-22,8,Material_08,4,Operation_04,8,692,2026-02-22 08:45:00,75.0
17,Client_17,174,2026-02-23,4,Material_04,1,Operation_01,6,693,2026-02-23 08:00:00,25.0
17,Client_17,174,2026-02-23,4,Material_04,2,Operation_02,7,694,2026-02-23 08:15:00,50.0
17,Client_17,174,2026-02-23,9,Material_09,3,Operation_03,8,695,2026-02-23 08:30:00,75.0
17,Client_17,174,2026-02-23,14,Material_14,3,Operation_03,1,696,2026-02-23 08:45:00,75.0
18,Client_18,175,2026-02-24,5,Material_05,1,Operation_01,7,697,2026-02-24 08:00:00,50.0
18,Client_18,175,2026-02-24,5,Material_05,2,Operation_02,8,698,2026-02-24 08:15:00,75.0
18,Client_18,175,2026-02-24,10,Material_10,3,Operation_03,1,699,2026-02-24 08:30:00,100.0
18,Client_18,175,2026-02-24,15,Material_15,4,Operation_04,1,700,2026-02-24 08:45:00,125.0
19,Client_19,176,2026-02-25,6,Material_06,1,Operation_01,8,701,2026-02-25 08:00:00,75.0
19,Client_19,176,2026-02-25,6,Material_06,2,Operation_02,1,702,2026-02-25 08:15:00,100.0
19,Client_19,176,2026-02-25,11,Material_11,3,Operation_03,2,703,2026-02-25 08:30:00,125.0
19,Client_19,176,2026-02-25,16,Material_16,4,Operation_04,3,704,2026-02-25 08:45:00,150.0
20,Client_20,177,2026-02-26,7,Material_07,1,Operation_01,1,705,2026-02-26 08:00:00,100.0
20,Client_20,177,2026-02-26,7,Material_07,2,Operation_02,2,706,2026-02-26 08:15:00,125.0
20,Client_20,177,2026-02-26,12,Material_12,3,Operation_03,3,707,2026-02-26 08:30:00,150.0
20,Client_20,177,2026-02-26,17,Material_17,4,Operation_04,4,708,2026-02-26 08:45:00,175.0
21,Client_21,178,2026-02-27,8,Material_08,1,Operation_01,2,709,2026-02-27 08:00:00,125.0
21,Client_21,178,2026-02-27,8,Material_08,2,Operation_02,3,710,2026-02-27 08:15:00,150.0
21,Client_21,178,2026-02-27,13,Material_13,3,Operation_03,4,711,2026-02-27 08:30:00,175.0
21,Client_21,178,2026-02-27,18,Material_18,4,Operation_04,5,712,2026-02-27 08:45:00,200.0
22,Client_22,179,2026-02-28,9,Material_09,1,Operation_01,3,713,2026-02-28 08:00:00,150.0
22,Client_22,179,2026-02-28,9,Material_09,2,Operation_02,4,714,2026-02-28 08:15:00,175.0
22,Client_22,179,2026-02-28,14,Material_14,3,Operation_03,5,715,2026-02-28 08:30:00,200.0
22,Client_22,179,2026-02-28,14,Material_14,3,Operation_03,6,716,2026-02-28 08:45:00,200.0
23,Client_23,180,2026-03-01,10,Material_10,1,Operation_01,4,717,2026-03-01 08:00:00,175.0
23,Client_23,180,2026-03-01,10,Material_10,2,Operation_02,5,718,2026-03-01 08:15:00,200.0
23,Client_23,180,2026-03-01,15,Material_15,3,Operation_03,6,719,2026-03-01 08:30:00,25.0
23,Client_23,180,2026-03-01,20,Material_20,4,Operation_04,7,720,2026-03-01 08:45:00,50.0
24,Client_24,181,2026-03-02,11,Material_11,1,Operation_01,5,721,2026-03-02 08:00:00,200.0
24,Client_24,181,2026-03-02,11,Material_11,2,Operation_02,6,722,2026-03-02 08:15:00,25.0
24,Client_24,181,2026-03-02,16,Material_16,3,Operation_03,7,723,2026-03-02 08:30:00,50.0
24,Client_24,181,2026-03-02,21,Material_21,4,Operation_04,8,724,2026-03-02 08:45:00,75.0
25,Client_25,182,2026-03-03,12,Material_12,1,Operation_01,6,725,2026-03-03 08:00:00,25.0
25,Client_25,182,2026-03-03,12,Material_12,2,Operation_02,7,726,2026-03-03 08:15:00,50.0
25,Client_25,182,2026-03-03,17,Material_17,3,Operation_03,8,727,2026-03-03 08:30:00,75.0
25,Client_25,182,2026-03-03,22,Material_22,4,Operation_04,8,728,2026-03-03 08:45:00,100.0
26,Client_26,183,2026-03-04,13,Material_13,1,Operation_01,7,729,2026-03-04 08:00:00,50.0
26,Client_26,183,2026-03-04,13,Material_13,2,Operation_02,8,730,2026-03-04 08:15:00,75.0
26,Client_26,183,2026-03-04,18,Material_18,3,Operation_03,1,731,2026-03-04 08:30:00,100.0
26,Client_26,183,2026-03-04,23,Material_23,4,Operation_04,2,732,2026-03-04 08:45:00,125.0
27,Client_27,184,2026-03-05,14,Material_14,1,Operation_01,8,733,2026-03-05 08:00:00,75.0
27,Client_27,184,2026-03-05,14,Material_14,2,Operation_02,1,734,2026-03-05 08:15:00,100.0
27,Client_27,184,2026-03-05,19,Material_19,3,Operation_03,2,735,2026-03-05 08:30:00,125.0
27,Client_27,184,2026-03-05,24,Material_24,3,Operation_03,3,736,2026-03-05 08:45:00,125.0
28,Client_28,185,2026-03-06,15,Material_15,1,Operation_01,1,737,2026-03-06 08:00:00,100.0
28,Client_28,185,2026-03-06,15,Material_15,2,Operation_02,2,738,2026-03-06 08:15:00,125.0
28,Client_28,185,2026-03-06,20,Material_20,3,Operation_03,3,739,2026-03-06 08:30:00,150.0
28,Client_28,185,2026-03-06,20,Material_20,4,Operation_04,4,740,2026-03-06 08:45:00,175.0
29,Client_29,186,2026-03-07,16,Material_16,1,Operation_01,2,741,2026-03-07 08:00:00,125.0
29,Client_29,186,2026-03-07,16,Material_16,2,Operation_02,3,742,2026-03-07 08:15:00,150.0
29,Client_29,186,2026-03-07,21,Material_21,3,Operation_03,4,743,2026-03-07 08:30:00,175.0
29,Client_29,186,2026-03-07,1,Material_01,4,Operation_04,5,744,2026-03-07 08:45:00,200.0
30,Client_30,187,2026-03-08,17,Material_17,1,Operation_01,3,745,2026-03-08 08:00:00,150.0
30,Client_30,187,2026-03-08,17,Material_17,2,Operation_02,4,746,2026-03-08 08:15:00,175.0
30,Client_30,187,2026-03-08,22,Material_22,3,Operation_03,5,747,2026-03-08 08:30:00,200.0
30,Client_30,187,2026-03-08,2,Material_02,4,Operation_04,6,748,2026-03-08 08:45:00,25.0
31,Client_31,188,2026-03-09,18,Material_18,1,Operation_01,4,749,2026-03-09 08:00:00,175.0
31,Client_31,188,2026-03-09,18,Material_18,2,Operation_02,5,750,2026-03-09 08:15:00,200.0
31,Client_31,188,2026-03-09,23,Material_23,3,Operation_03,6,751,2026-03-09 08:30:00,25.0
31,Client_31,188,2026-03-09,3,Material_03,4,Operation_04,7,752,2026-03-09 08:45:00,50.0
32,Client_32,189,2026-03-10,19,Material_19,1,Operation_01,5,753,2026-03-10 08:00:00,200.0
32,Client_32,189,2026-03-10,19,Material_19,2,Operation_02,6,754,2026-03-10 08:15:00,25.0
32,Client_32,189,2026-03-10,24,Material_24,3,Operation_03,7,755,2026-03-10 08:30:00,50.0
32,Client_32,189,2026-03-10,4,Material_04,3,Operation_03,7,756,2026-03-10 08:45:00,50.0
33,Client_33,190,2026-03-11,20,Material_20,1,Operation_01,6,757,2026-03-11 08:00:00,25.0
33,Client_33,190,2026-03-11,20,Material_20,2,Operation_02,7,758,2026-03-11 08:15:00,50.0
33,Client_33,190,2026-03-11,25,Material_25,3,Operation_03,8,759,2026-03-11 08:30:00,75.0
33,Client_33,190,2026-03-11,5,Material_05,4,Operation_04,1,760,2026-03-11 08:45:00,100.0
34,Client_34,191,2026-03-12,21,Material_21,1,Operation_01,7,761,2026-03-12 08:00:00,50.0
34,Client_34,191,2026-03-12,21,Material_21,2,Operation_02,8,762,2026-03-12 08:15:00,75.0
34,Client_34,191,2026-03-12,1,Material_01,3,Operation_03,1,763,2026-03-12 08:30:00,100.0
34,Client_34,191,2026-03-12,1,Material_01,4,Operation_04,2,764,2026-03-12 08:45:00,125.0
35,Client_35,192,2026-03-13,22,Material_22,1,Operation_01,8,765,2026-03-13 08:00:00,75.0
35,Client_35,192,2026-03-13,22,Material_22,2,Operation_02,1,766,2026-03-13 08:15:00,100.0
35,Client_35,192,2026-03-13,2,Material_02,3,Operation_03,2,767,2026-03-13 08:30:00,125.0
35,Client_35,192,2026-03-13,7,Material_07,4,Operation_04,3,768,2026-03-13 08:45:00,150.0
36,Client_36,193,2026-03-14,23,Material_23,1,Operation_01,1,769,2026-03-14 08:00:00,100.0
36,Client_36,193,2026-03-14,23,Material_23,2,Operation_02,2,770,2026-03-14 08:15:00,125.0
36,Client_36,193,2026-03-14,3,Material_03,3,Operation_03,3,771,2026-03-14 08:30:00,150.0
36,Client_36,193,2026-03-14,8,Material_08,4,Operation_04,4,772,2026-03-14 08:45:00,175.0
37,Client_37,194,2026-03-15,24,Material_24,1,Operation_01,2,773,2026-03-15 08:00:00,125.0
37,Client_37,194,2026-03-15,24,Material_24,2,Operation_02,3,774,2026-03-15 08:15:00,150.0
37,Client_37,194,2026-03-15,4,Material_04,3,Operation_03,4,775,2026-03-15 08:30:00,175.0
37,Client_37,194,2026-03-15,9,Material_09,3,Operation_03,5,776,2026-03-15 08:45:00,175.0
38,Client_38,195,2026-03-16,25,Material_25,1,Operation_01,3,777,2026-03-16 08:00:00,150.0
38,Client_38,195,2026-03-16,25,Material_25,2,Operation_02,4,778,2026-03-16 08:15:00,175.0
38,Client_38,195,2026-03-16,5,Material_05,3,Operation_03,5,779,2026-03-16 08:30:00,200.0
38,Client_38,195,2026-03-16,10,Material_10,4,Operation_04,6,780,2026-03-16 08:45:00,25.0
39,Client_39,196,2026-03-17,1,Material_01,1,Operation_01,4,781,2026-03-17 08:00:00,175.0
39,Client_39,196,2026-03-17,1,Material_01,2,Operation_02,5,782,2026-03-17 08:15:00,200.0
39,Client_39,196,2026-03-17,6,Material_06,3,Operation_03,6,783,2026-03-17 08:30:00,25.0
39,Client_39,196,2026-03-17,11,Material_11,4,Operation_04,6,784,2026-03-17 08:45:00,50.0
40,Client_40,197,2026-03-18,2,Material_02,1,Operation_01,5,785,2026-03-18 08:00:00,200.0
40,Client_40,197,2026-03-18,2,Material_02,2,Operation_02,6,786,2026-03-18 08:15:00,25.0
40,Client_40,197,2026-03-18,7,Material_07,3,Operation_03,7,787,2026-03-18 08:30:00,50.0
40,Client_40,197,2026-03-18,7,Material_07,4,Operation_04,8,788,2026-03-18 08:45:00,75.0
1,Client_01,198,2026-03-19,3,Material_03,1,Operation_01,6,789,2026-03-19 08:00:00,25.0
1,Client_01,198,2026-03-19,3,Material_03,2,Operation_02,7,790,2026-03-19 08:15:00,50.0
1,Client_01,198,2026-03-19,8,Material_08,3,Operation_03,8,791,2026-03-19 08:30:00,75.0
1,Client_01,198,2026-03-19,13,Material_13,4,Operation_04,1,792,2026-03-19 08:45:00,100.0
2,Client_02,199,2026-03-20,4,Material_04,1,Operation_01,7,793,2026-03-20 08:00:00,50.0
2,Client_02,199,2026-03-20,4,Material_04,2,Operation_02,8,794,2026-03-20 08:15:00,75.0
2,Client_02,199,2026-03-20,9,Material_09,3,Operation_03,1,795,2026-03-20 08:30:00,100.0
2,Client_02,199,2026-03-20,14,Material_14,3,Operation_03,2,796,2026-03-20 08:45:00,100.0
3,Client_03,200,2026-03-21,5,Material_05,1,Operation_01,8,797,2026-03-21 08:00:00,75.0
3,Client_03,200,2026-03-21,5,Material_05,2,Operation_02,1,798,2026-03-21 08:15:00,100.0
3,Client_03,200,2026-03-21,10,Material_10,3,Operation_03,2,799,2026-03-21 08:30:00,125.0
3,Client_03,200,2026-03-21,15,Material_15,4,Operation_04,3,800,2026-03-21 08:45:00,150.0
4,Client_04,201,2026-03-22,6,Material_06,1,Operation_01,1,801,2026-03-22 08:00:00,100.0
4,Client_04,201,2026-03-22,6,Material_06,2,Operation_02,2,802,2026-03-22 08:15:00,125.0
4,Client_04,201,2026-03-22,11,Material_11,3,Operation_03,3,803,2026-03-22 08:30:00,150.0
4,Client_04,201,2026-03-22,16,Material_16,4,Operation_04,4,804,2026-03-22 08:45:00,175.0
5,Client_05,202,2026-03-23,7,Material_07,1,Operation_01,2,805,2026-03-23 08:00:00,125.0
5,Client_05,202,2026-03-23,7,Material_07,2,Operation_02,3,806,2026-03-23 08:15:00,150.0
5,Client_05,202,2026-03-23,12,Material_12,3,Operation_03,4,807,2026-03-23 08:30:00,175.0
5,Client_05,202,2026-03-23,17,Material_17,4,Operation_04,5,808,2026-03-23 08:45:00,200.0
6,Client_06,203,2026-03-24,8,Material_08,1,Operation_01,3,809,2026-03-24 08:00:00,150.0
6,Client_06,203,2026-03-24,8,Material_08,2,Operation_02,4,810,2026-03-24 08:15:00,175.0
6,Client_06,203,2026-03-24,13,Material_13,3,Operation_03,5,811,2026-03-24 08:30:00,200.0
6,Client_06,203,2026-03-24,13,Material_13,4,Operation_04,5,812,2026-03-24 08:45:00,25.0
7,Client_07,204,2026-03-25,9,Material_09,1,Operation_01,4,813,2026-03-25 08:00:00,175.0
7,Client_07,204,2026-03-25,9,Material_09,2,Operation_02,5,814,2026-03-25 08:15:00,200.0
7,Client_07,204,2026-03-25,14,Material_14,3,Operation_03,6,815,2026-03-25 08:30:00,25.0
7,Client_07,204,2026-03-25,19,Material_19,3,Operation_03,7,816,2026-03-25 08:45:00,25.0
8,Client_08,205,2026-03-26,10,Material_10,1,Operation_01,5,817,2026-03-26 08:00:00,200.0
8,Client_08,205,2026-03-26,10,Material_10,2,Operation_02,6,818,2026-03-26 08:15:00,25.0
8,Client_08,205,2026-03-26,15,Material_15,3,Operation_03,7,819,2026-03-26 08:30:00,50.0
8,Client_08,205,2026-03-26,20,Material_20,4,Operation_04,8,820,2026-03-26 08:45:00,75.0
9,Client_09,206,2026-03-27,11,Material_11,1,Operation_01,6,821,2026-03-27 08:00:00,25.0
9,Client_09,206,2026-03-27,11,Material_11,2,Operation_02,7,822,2026-03-27 08:15:00,50.0
9,Client_09,206,2026-03-27,16,Material_16,3,Operation_03,8,823,2026-03-27 08:30:00,75.0
9,Client_09,206,2026-03-27,21,Material_21,4,Operation_04,1,824,2026-03-27 08:45:00,100.0
10,Client_10,207,2026-03-28,12,Material_12,1,Operation_01,7,825,2026-03-28 08:00:00,50.0
10,Client_10,207,2026-03-28,12,Material_12,2,Operation_02,8,826,2026-03-28 08:15:00,75.0
10,Client_10,207,2026-03-28,17,Material_17,3,Operation_03,1,827,2026-03-28 08:30:00,100.0
10,Client_10,207,2026-03-28,22,Material_22,4,Operation_04,2,828,2026-03-28 08:45:00,125.0
11,Client_11,208,2026-03-29,13,Material_13,1,Operation_01,8,829,2026-03-29 08:00:00,75.0
11,Client_11,208,2026-03-29,13,Material_13,2,Operation_02,1,830,2026-03-29 08:15:00,100.0
11,Client_11,208,2026-03-29,18,Material_18,3,Operation_03,2,831,2026-03-29 08:30:00,125.0
11,Client_11,208,2026-03-29,23,Material_23,4,Operation_04,3,832,2026-03-29 08:45:00,150.0
12,Client_12,209,2026-03-30,14,Material_14,1,Operation_01,1,833,2026-03-30 08:00:00,100.0
12,Client_12,209,2026-03-30,14,Material_14,2,Operation_02,2,834,2026-03-30 08:15:00,125.0
12,Client_12,209,2026-03-30,19,Material_19,3,Operation_03,3,835,2026-03-30 08:30:00,150.0
12,Client_12,209,2026-03-30,19,Material_19,3,Operation_03,4,836,2026-03-30 08:45:00,150.0
13,Client_13,210,2026-03-31,15,Material_15,1,Operation_01,2,837,2026-03-31 08:00:00,125.0
13,Client_13,210,2026-03-31,15,Material_15,2,Operation_02,3,838,2026-03-31 08:15:00,150.0
13,Client_13,210,2026-03-31,20,Material_20,3,Operation_03,4,839,2026-03-31 08:30:00,175.0
13,Client_13,210,2026-03-31,25,Material_25,4,Operation_04,4,840,2026-03-31 08:45:00,200.0
14,Client_14,211,2026-04-01,16,Material_16,1,Operation_01,3,841,2026-04-01 08:00:00,150.0
14,Client_14,211,2026-04-01,16,Material_16,2,Operation_02,4,842,2026-04-01 08:15:00,175.0
14,Client_14,211,2026-04-01,21,Material_21,3,Operation_03,5,843,2026-04-01 08:30:00,200.0
14,Client_14,211,2026-04-01,1,Material_01,4,Operation_04,6,844,2026-04-01 08:45:00,25.0
15,Client_15,212,2026-04-02,17,Material_17,1,Operation_01,4,845,2026-04-02 08:00:00,175.0
15,Client_15,212,2026-04-02,17,Material_17,2,Operation_02,5,846,2026-04-02 08:15:00,200.0
15,Client_15,212,2026-04-02,22,Material_22,3,Operation_03,6,847,2026-04-02 08:30:00,25.0
15,Client_15,212,2026-04-02,2,Material_02,4,Operation_04,7,848,2026-04-02 08:45:00,50.0
16,Client_16,213,2026-04-03,18,Material_18,1,Operation_01,5,849,2026-04-03 08:00:00,200.0
16,Client_16,213,2026-04-03,18,Material_18,2,Operation_02,6,850,2026-04-03 08:15:00,25.0
16,Client_16,213,2026-04-03,23,Material_23,3,Operation_03,7,851,2026-04-03 08:30:00,50.0
16,Client_16,213,2026-04-03,3,Material_03,4,Operation_04,8,852,2026-04-03 08:45:00,75.0
17,Client_17,214,2026-04-04,19,Material_19,1,Operation_01,6,853,2026-04-04 08:00:00,25.0
17,Client_17,214,2026-04-04,19,Material_19,2,Operation_02,7,854,2026-04-04 08:15:00,50.0
17,Client_17,214,2026-04-04,24,Material_24,3,Operation_03,8,855,2026-04-04 08:30:00,75.0
17,Client_17,214,2026-04-04,4,Material_04,3,Operation_03,1,856,2026-04-04 08:45:00,75.0
18,Client_18,215,2026-04-05,20,Material_20,1,Operation_01,7,857,2026-04-05 08:00:00,50.0
18,Client_18,215,2026-04-05,20,Material_20,2,Operation_02,8,858,2026-04-05 08:15:00,75.0
18,Client_18,215,2026-04-05,25,Material_25,3,Operation_03,1,859,2026-04-05 08:30:00,100.0
18,Client_18,215,2026-04-05,25,Material_25,4,Operation_04,2,860,2026-04-05 08:45:00,125.0
19,Client_19,216,2026-04-06,21,Material_21,1,Operation_01,8,861,2026-04-06 08:00:00,75.0
19,Client_19,216,2026-04-06,21,Material_21,2,Operation_02,1,862,2026-04-06 08:15:00,100.0
19,Client_19,216,2026-04-06,1,Material_01,3,Operation_03,2,863,2026-04-06 08:30:00,125.0
19,Client_19,216,2026-04-06,6,Material_06,4,Operation_04,3,864,2026-04-06 08:45:00,150.0
20,Client_20,217,2026-04-07,22,Material_22,1,Operation_01,1,865,2026-04-07 08:00:00,100.0
20,Client_20,217,2026-04-07,22,Material_22,2,Operation_02,2,866,2026-04-07 08:15:00,125.0
20,Client_20,217,2026-04-07,2,Material_02,3,Operation_03,3,867,2026-04-07 08:30:00,150.0
20,Client_20,217,2026-04-07,7,Material_07,4,Operation_04,3,868,2026-04-07 08:45:00,175.0
21,Client_21,218,2026-04-08,23,Material_23,1,Operation_01,2,869,2026-04-08 08:00:00,125.0
21,Client_21,218,2026-04-08,23,Material_23,2,Operation_02,3,870,2026-04-08 08:15:00,150.0
21,Client_21,218,2026-04-08,3,Material_03,3,Operation_03,4,871,2026-04-08 08:30:00,175.0
21,Client_21,218,2026-04-08,8,Material_08,4,Operation_04,5,872,2026-04-08 08:45:00,200.0
22,Client_22,219,2026-04-09,24,Material_24,1,Operation_01,3,873,2026-04-09 08:00:00,150.0
22,Client_22,219,2026-04-09,24,Material_24,2,Operation_02,4,874,2026-04-09 08:15:00,175.0
22,Client_22,219,2026-04-09,4,Material_04,3,Operation_03,5,875,2026-04-09 08:30:00,200.0
22,Client_22,219,2026-04-09,9,Material_09,3,Operation_03,6,876,2026-04-09 08:45:00,200.0
23,Client_23,220,2026-04-10,25,Material_25,1,Operation_01,4,877,2026-04-10 08:00:00,175.0
23,Client_23,220,2026-04-10,25,Material_25,2,Operation_02,5,878,2026-04-10 08:15:00,200.0
23,Client_23,220,2026-04-10,5,Material_05,3,Operation_03,6,879,2026-04-10 08:30:00,25.0
23,Client_23,220,2026-04-10,10,Material_10,4,Operation_04,7,880,2026-04-10 08:45:00,50.0
24,Client_24,221,2026-04-11,1,Material_01,1,Operation_01,5,881,2026-04-11 08:00:00,200.0
24,Client_24,221,2026-04-11,1,Material_01,2,Operation_02,6,882,2026-04-11 08:15:00,25.0
24,Client_24,221,2026-04-11,6,Material_06,3,Operation_03,7,883,2026-04-11 08:30:00,50.0
24,Client_24,221,2026-04-11,6,Material_06,4,Operation_04,8,884,2026-04-11 08:45:00,75.0
25,Client_25,222,2026-04-12,2,Material_02,1,Operation_01,6,885,2026-04-12 08:00:00,25.0
25,Client_25,222,2026-04-12,2,Material_02,2,Operation_02,7,886,2026-04-12 08:15:00,50.0
25,Client_25,222,2026-04-12,7,Material_07,3,Operation_03,8,887,2026-04-12 08:30:00,75.0
25,Client_25,222,2026-04-12,12,Material_12,4,Operation_04,1,888,2026-04-12 08:45:00,100.0
26,Client_26,223,2026-04-13,3,Material_03,1,Operation_01,7,889,2026-04-13 08:00:00,50.0
26,Client_26,223,2026-04-13,3,Material_03,2,Operation_02,8,890,2026-04-13 08:15:00,75.0
26,Client_26,223,2026-04-13,8,Material_08,3,Operation_03,1,891,2026-04-13 08:30:00,100.0
26,Client_26,223,2026-04-13,13,Material_13,4,Operation_04,2,892,2026-04-13 08:45:00,125.0
27,Client_27,224,2026-04-14,4,Material_04,1,Operation_01,8,893,2026-04-14 08:00:00,75.0
27,Client_27,224,2026-04-14,4,Material_04,2,Operation_02,1,894,2026-04-14 08:15:00,100.0
27,Client_27,224,2026-04-14,9,Material_09,3,Operation_03,2,895,2026-04-14 08:30:00,125.0
27,Client_27,224,2026-04-14,14,Material_14,3,Operation_03,2,896,2026-04-14 08:45:00,125.0
28,Client_28,225,2026-04-15,5,Material_05,1,Operation_01,1,897,2026-04-15 08:00:00,100.0
28,Client_28,225,2026-04-15,5,Material_05,2,Operation_02,2,898,2026-04-15 08:15:00,125.0
28,Client_28,225,2026-04-15,10,Material_10,3,Operation_03,3,899,2026-04-15 08:30:00,150.0
28,Client_28,225,2026-04-15,15,Material_15,4,Operation_04,4,900,2026-04-15 08:45:00,175.0
29,Client_29,226,2026-04-16,6,Material_06,1,Operation_01,2,901,2026-04-16 08:00:00,125.0
29,Client_29,226,2026-04-16,6,Material_06,2,Operation_02,3,902,2026-04-16 08:15:00,150.0
29,Client_29,226,2026-04-16,11,Material_11,3,Operation_03,4,903,2026-04-16 08:30:00,175.0
29,Client_29,226,2026-04-16,16,Material_16,4,Operation_04,5,904,2026-04-16 08:45:00,200.0
30,Client_30,227,2026-04-17,7,Material_07,1,Operation_01,3,905,2026-04-17 08:00:00,150.0
30,Client_30,227,2026-04-17,7,Material_07,2,Operation_02,4,906,2026-04-17 08:15:00,175.0
30,Client_30,227,2026-04-17,12,Material_12,3,Operation_03,5,907,2026-04-17 08:30:00,200.0
30,Client_30,227,2026-04-17,12,Material_12,4,Operation_04,6,908,2026-04-17 08:45:00,25.0
31,Client_31,228,2026-04-18,8,Material_08,1,Operation_01,4,909,2026-04-18 08:00:00,175.0
31,Client_31,228,2026-04-18,8,Material_08,2,Operation_02,5,910,2026-04-18 08:15:00,200.0
31,Client_31,228,2026-04-18,13,Material_13,3,Operation_03,6,911,2026-04-18 08:30:00,25.0
31,Client_31,228,2026-04-18,18,Material_18,4,Operation_04,7,912,2026-04-18 08:45:00,50.0
32,Client_32,229,2026-04-19,9,Material_09,1,Operation_01,5,913,2026-04-19 08:00:00,200.0
32,Client_32,229,2026-04-19,9,Material_09,2,Operation_02,6,914,2026-04-19 08:15:00,25.0
32,Client_32,229,2026-04-19,14,Material_14,3,Operation_03,7,915,2026-04-19 08:30:00,50.0
32,Client_32,229,2026-04-19,19,Material_19,3,Operation_03,8,916,2026-04-19 08:45:00,50.0
33,Client_33,230,2026-04-20,10,Material_10,1,Operation_01,6,917,2026-04-20 08:00:00,25.0
33,Client_33,230,2026-04-20,10,Material_10,2,Operation_02,7,918,2026-04-20 08:15:00,50.0
33,Client_33,230,2026-04-20,15,Material_15,3,Operation_03,8,919,2026-04-20 08:30:00,75.0
33,Client_33,230,2026-04-20,20,Material_20,4,Operation_04,1,920,2026-04-20 08:45:00,100.0
34,Client_34,231,2026-04-21,11,Material_11,1,Operation_01,7,921,2026-04-21 08:00:00,50.0
34,Client_34,231,2026-04-21,11,Material_11,2,Operation_02,8,922,2026-04-21 08:15:00,75.0
34,Client_34,231,2026-04-21,16,Material_16,3,Operation_03,1,923,2026-04-21 08:30:00,100.0
34,Client_34,231,2026-04-21,21,Material_21,4,Operation_04,1,924,2026-04-21 08:45:00,125.0
35,Client_35,232,2026-04-22,12,Material_12,1,Operation_01,8,925,2026-04-22 08:00:00,75.0
35,Client_35,232,2026-04-22,12,Material_12,2,Operation_02,1,926,2026-04-22 08:15:00,100.0
35,Client_35,232,2026-04-22,17,Material_17,3,Operation_03,2,927,2026-04-22 08:30:00,125.0
35,Client_35,232,2026-04-22,22,Material_22,4,Operation_04,3,928,2026-04-22 08:45:00,150.0
36,Client_36,233,2026-04-23,13,Material_13,1,Operation_01,1,929,2026-04-23 08:00:00,100.0
36,Client_36,233,2026-04-23,13,Material_13,2,Operation_02,2,930,2026-04-23 08:15:00,125.0
36,Client_36,233,2026-04-23,18,Material_18,3,Operation_03,3,931,2026-04-23 08:30:00,150.0
36,Client_36,233,2026-04-23,18,Material_18,4,Operation_04,4,932,2026-04-23 08:45:00,175.0
37,Client_37,234,2026-04-24,14,Material_14,1,Operation_01,2,933,2026-04-24 08:00:00,125.0
37,Client_37,234,2026-04-24,14,Material_14,2,Operation_02,3,934,2026-04-24 08:15:00,150.0
37,Client_37,234,2026-04-24,19,Material_19,3,Operation_03,4,935,2026-04-24 08:30:00,175.0
37,Client_37,234,2026-04-24,24,Material_24,3,Operation_03,5,936,2026-04-24 08:45:00,175.0
38,Client_38,235,2026-04-25,15,Material_15,1,Operation_01,3,937,2026-04-25 08:00:00,150.0
38,Client_38,235,2026-04-25,15,Material_15,2,Operation_02,4,938,2026-04-25 08:15:00,175.0
38,Client_38,235,2026-04-25,20,Material_20,3,Operation_03,5,939,2026-04-25 08:30:00,200.0
38,Client_38,235,2026-04-25,25,Material_25,4,Operation_04,6,940,2026-04-25 08:45:00,25.0
39,Client_39,236,2026-04-26,16,Material_16,1,Operation_01,4,941,2026-04-26 08:00:00,175.0
39,Client_39,236,2026-04-26,16,Material_16,2,Operation_02,5,942,2026-04-26 08:15:00,200.0
39,Client_39,236,2026-04-26,21,Material_21,3,Operation_03,6,943,2026-04-26 08:30:00,25.0
39,Client_39,236,2026-04-26,1,Material_01,4,Operation_04,7,944,2026-04-26 08:45:00,50.0
40,Client_40,237,2026-04-27,17,Material_17,1,Operation_01,5,945,2026-04-27 08:00:00,200.0
40,Client_40,237,2026-04-27,17,Material_17,2,Operation_02,6,946,2026-04-27 08:15:00,25.0
40,Client_40,237,2026-04-27,22,Material_22,3,Operation_03,7,947,2026-04-27 08:30:00,50.0
40,Client_40,237,2026-04-27,2,Material_02,4,Operation_04,8,948,2026-04-27 08:45:00,75.0
1,Client_01,238,2026-04-28,18,Material_18,1,Operation_01,6,949,2026-04-28 08:00:00,25.0
1,Client_01,238,2026-04-28,18,Material_18,2,Operation_02,7,950,2026-04-28 08:15:00,50.0
1,Client_01,238,2026-04-28,23,Material_23,3,Operation_03,8,951,2026-04-28 08:30:00,75.0
1,Client_01,238,2026-04-28,3,Material_03,4,Operation_04,8,952,2026-04-28 08:45:00,100.0
2,Client_02,239,2026-04-29,19,Material_19,1,Operation_01,7,953,2026-04-29 08:00:00,50.0
2,Client_02,239,2026-04-29,19,Material_19,2,Operation_02,8,954,2026-04-29 08:15:00,75.0
2,Client_02,239,2026-04-29,24,Material_24,3,Operation_03,1,955,2026-04-29 08:30:00,100.0
2,Client_02,239,2026-04-29,24,Material_24,3,Operation_03,2,956,2026-04-29 08:45:00,100.0
3,Client_03,240,2026-04-30,20,Material_20,1,Operation_01,8,957,2026-04-30 08:00:00,100.0
3,Client_03,240,2026-04-30,20,Material_20,2,Operation_02,1,958,2026-04-30 08:15:00,125.0
3,Client_03,240,2026-04-30,25,Material_25,3,Operation_03,2,959,2026-04-30 08:30:00,150.0
3,Client_03,240,2026-04-30,5,Material_05,4,Operation_04,3,960,2026-04-30 08:45:00,175.0
1,Client_01,241,2026-01-01,21,Material_21,1,Operation_01,1,961,2026-01-01 08:00:00,75.0
1,Client_01,241,2026-01-01,21,Material_21,2,Operation_02,2,962,2026-01-01 08:15:00,100.0
1,Client_01,241,2026-01-01,1,Material_01,3,Operation_03,3,963,2026-01-01 08:30:00,125.0
1,Client_01,241,2026-01-01,6,Material_06,4,Operation_04,4,964,2026-01-01 08:45:00,150.0
2,Client_02,242,2026-01-02,22,Material_22,1,Operation_01,2,965,2026-01-02 08:00:00,100.0
2,Client_02,242,2026-01-02,22,Material_22,2,Operation_02,3,966,2026-01-02 08:15:00,125.0
2,Client_02,242,2026-01-02,2,Material_02,3,Operation_03,4,967,2026-01-02 08:30:00,150.0
2,Client_02,242,2026-01-02,7,Material_07,4,Operation_04,5,968,2026-01-02 08:45:00,175.0
3,Client_03,243,2026-01-03,23,Material_23,1,Operation_01,3,969,2026-01-03 08:00:00,125.0
3,Client_03,243,2026-01-03,23,Material_23,2,Operation_02,4,970,2026-01-03 08:15:00,150.0
3,Client_03,243,2026-01-03,3,Material_03,3,Operation_03,5,971,2026-01-03 08:30:00,175.0
3,Client_03,243,2026-01-03,8,Material_08,3,Operation_03,6,972,2026-01-03 08:45:00,200.0
4,Client_04,244,2026-01-04,24,Material_24,1,Operation_01,4,973,2026-01-04 08:00:00,150.0
4,Client_04,244,2026-01-04,24,Material_24,2,Operation_02,5,974,2026-01-04 08:15:00,175.0
4,Client_04,244,2026-01-04,4,Material_04,3,Operation_03,6,975,2026-01-04 08:30:00,200.0
4,Client_04,244,2026-01-04,4,Material_04,4,Operation_04,7,976,2026-01-04 08:45:00,25.0
5,Client_05,245,2026-01-05,25,Material_25,1,Operation_01,5,977,2026-01-05 08:00:00,175.0
5,Client_05,245,2026-01-05,25,Material_25,2,Operation_02,6,978,2026-01-05 08:15:00,200.0
5,Client_05,245,2026-01-05,5,Material_05,3,Operation_03,7,979,2026-01-05 08:30:00,25.0
5,Client_05,245,2026-01-05,10,Material_10,4,Operation_04,7,980,2026-01-05 08:45:00,25.0
6,Client_06,246,2026-01-06,1,Material_01,1,Operation_01,6,981,2026-01-06 08:00:00,200.0
6,Client_06,246,2026-01-06,1,Material_01,2,Operation_02,7,982,2026-01-06 08:15:00,25.0
6,Client_06,246,2026-01-06,6,Material_06,3,Operation_03,8,983,2026-01-06 08:30:00,50.0
6,Client_06,246,2026-01-06,11,Material_11,4,Operation_04,1,984,2026-01-06 08:45:00,75.0
7,Client_07,247,2026-01-07,2,Material_02,1,Operation_01,7,985,2026-01-07 08:00:00,25.0
7,Client_07,247,2026-01-07,2,Material_02,2,Operation_02,8,986,2026-01-07 08:15:00,50.0
7,Client_07,247,2026-01-07,7,Material_07,3,Operation_03,1,987,2026-01-07 08:30:00,75.0
7,Client_07,247,2026-01-07,12,Material_12,4,Operation_04,2,988,2026-01-07 08:45:00,100.0
8,Client_08,248,2026-01-08,3,Material_03,1,Operation_01,8,989,2026-01-08 08:00:00,50.0
8,Client_08,248,2026-01-08,3,Material_03,2,Operation_02,1,990,2026-01-08 08:15:00,75.0
8,Client_08,248,2026-01-08,8,Material_08,3,Operation_03,2,991,2026-01-08 08:30:00,100.0
8,Client_08,248,2026-01-08,13,Material_13,3,Operation_03,3,992,2026-01-08 08:45:00,125.0
9,Client_09,249,2026-01-09,4,Material_04,1,Operation_01,1,993,2026-01-09 08:00:00,75.0
9,Client_09,249,2026-01-09,4,Material_04,2,Operation_02,2,994,2026-01-09 08:15:00,100.0
9,Client_09,249,2026-01-09,9,Material_09,3,Operation_03,3,995,2026-01-09 08:30:00,125.0
9,Client_09,249,2026-01-09,14,Material_14,4,Operation_04,4,996,2026-01-09 08:45:00,150.0
10,Client_10,250,2026-01-10,5,Material_05,1,Operation_01,2,997,2026-01-10 08:00:00,100.0
10,Client_10,250,2026-01-10,5,Material_05,2,Operation_02,3,998,2026-01-10 08:15:00,125.0
10,Client_10,250,2026-01-10,10,Material_10,3,Operation_03,4,999,2026-01-10 08:30:00,150.0
10,Client_10,250,2026-01-10,10,Material_10,4,Operation_04,5,1000,2026-01-10 08:45:00,150.0
